DATE,SP500,VIX,FNG
2021-05-17,4163.29,19.72,35.6
2021-05-18,4127.83,21.34,34.83
2021-05-19,4115.68,22.18,31.87
2021-05-20,4159.12,20.67,33.37
2021-05-21,4155.86,20.15,29.7
2021-05-24,4197.05,18.4,29.87
2021-05-25,4188.13,18.84,26.6
2021-05-26,4195.99,17.36,28.93
2021-05-27,4200.88,16.74,29.87
2021-05-28,4204.11,16.76,31.93
2021-06-01,4202.04,17.9,35.0
2021-06-02,4208.12,17.48,42.07
2021-06-03,4192.85,18.04,41.6
2021-06-04,4229.89,16.42,42.77
2021-06-07,4226.52,16.42,43.73
2021-06-08,4227.26,17.07,45.9
2021-06-09,4219.55,17.89,46.63
2021-06-10,4239.18,16.1,49.87
2021-06-11,4247.44,15.65,52.5
2021-06-14,4255.15,16.39,54.1
2021-06-15,4246.59,17.02,51.87
2021-06-16,4223.7,18.15,44.7
2021-06-17,4221.86,17.75,42.77
2021-06-18,4166.45,20.7,31.8
2021-06-21,4224.79,17.89,33.43
2021-06-22,4246.44,16.66,32.37
2021-06-23,4241.84,16.32,33.83
2021-06-24,4266.49,15.97,37.23
2021-06-25,4280.7,15.62,41.83
2021-06-28,4290.61,15.76,41.53
2021-06-29,4291.8,16.02,40.03
2021-06-30,4297.5,15.83,37.97
2021-07-01,4319.94,15.48,39.07
2021-07-02,4352.34,15.07,38.6
2021-07-06,4343.54,16.44,33.07
2021-07-07,4358.13,16.2,32.33
2021-07-08,4320.82,19.0,26.87
2021-07-09,4369.55,16.18,31.53
2021-07-12,4384.63,16.17,33.07
2021-07-13,4369.21,17.12,30.33
2021-07-14,4374.3,16.33,29.63
2021-07-15,4360.03,17.01,26.8
2021-07-16,4327.16,18.45,22.63
2021-07-19,4258.49,22.5,13.81
2021-07-20,4323.06,19.73,20.63
2021-07-21,4358.69,17.91,24.47
2021-07-22,4367.48,17.69,25.2
2021-07-23,4411.79,17.2,29.13
2021-07-26,4422.3,17.58,30.7
2021-07-27,4401.46,19.36,27.37
2021-07-28,4400.64,18.31,27.47
2021-07-29,4419.15,17.7,30.43
2021-07-30,4395.26,18.24,26.47
2021-08-02,4387.16,19.46,24.37
2021-08-03,4423.15,18.04,29.8
2021-08-04,4402.66,17.97,27.33
2021-08-05,4429.1,17.28,32.53
2021-08-06,4436.52,16.15,32.53
2021-08-09,4432.35,16.72,32.0
2021-08-10,4436.75,16.79,34.27
2021-08-11,4447.7,16.06,35.6
2021-08-12,4460.83,15.59,38.97
2021-08-13,4468.0,15.45,41.43
2021-08-16,4479.71,16.12,46.77
2021-08-17,4448.08,17.91,36.73
2021-08-18,4400.27,21.57,20.59
2021-08-19,4405.8,21.67,19.11
2021-08-20,4441.67,18.56,24.43
2021-08-23,4479.53,17.15,28.17
2021-08-24,4486.23,17.22,33.97
2021-08-25,4496.19,16.79,38.9
2021-08-26,4470.0,18.84,33.73
2021-08-27,4509.37,16.39,44.77
2021-08-30,4528.79,16.19,47.87
2021-08-31,4522.68,16.48,47.23
2021-09-01,4524.09,16.11,43.13
2021-09-02,4536.95,16.41,44.17
2021-09-03,4535.43,16.41,44.07
2021-09-07,4520.03,18.14,41.7
2021-09-08,4514.07,17.96,38.57
2021-09-09,4493.28,18.8,33.8
2021-09-10,4458.58,20.95,20.6
2021-09-13,4468.73,19.37,28.27
2021-09-14,4443.05,19.46,24.8
2021-09-15,4480.7,18.18,31.2
2021-09-16,4473.75,18.69,31.5
2021-09-17,4432.99,20.81,17.93
2021-09-20,4357.73,25.71,11.1
2021-09-21,4354.19,24.36,11.45
2021-09-22,4395.64,20.87,20.03
2021-09-23,4448.98,18.63,24.5
2021-09-24,4455.48,17.75,23.83
2021-09-27,4443.11,18.76,24.77
2021-09-28,4352.63,23.25,12.47
2021-09-29,4359.46,22.56,12.48
2021-09-30,4307.54,23.14,9.97
2021-10-01,4357.04,21.15,18.33
2021-10-04,4300.46,22.96,9.5
2021-10-05,4345.72,21.3,18.77
2021-10-06,4363.55,21.0,20.07
2021-10-07,4399.76,19.54,24.6
2021-10-08,4391.34,18.77,25.27
2021-10-11,4361.19,20.0,25.9
2021-10-12,4350.65,19.85,22.7
2021-10-13,4363.8,18.64,24.1
2021-10-14,4438.26,16.86,31.83
2021-10-15,4471.37,16.3,43.63
2021-10-18,4486.46,16.31,46.57
2021-10-19,4519.63,15.7,53.4
2021-10-20,4536.19,15.49,56.57
2021-10-21,4549.78,15.01,60.2
2021-10-22,4544.9,15.43,59.5
2021-10-25,4566.48,15.24,62.97
2021-10-26,4574.79,15.98,63.03
2021-10-27,4551.68,16.98,58.33
2021-10-28,4596.42,16.53,64.4
2021-10-29,4605.38,16.26,65.43
2021-11-01,4613.67,16.41,66.13
2021-11-02,4630.65,16.03,68.27
2021-11-03,4660.57,15.1,72.2
2021-11-04,4680.06,15.44,72.43
2021-11-05,4697.53,16.48,73.6
2021-11-08,4701.7,17.22,74.53
2021-11-09,4685.25,17.78,77.17
2021-11-10,4646.71,18.73,73.09
2021-11-11,4649.27,17.66,72.23
2021-11-12,4682.85,16.29,74.0
2021-11-15,4682.8,16.49,71.63
2021-11-16,4700.9,16.37,72.49
2021-11-17,4688.67,17.11,69.2
2021-11-18,4704.54,17.59,70.14
2021-11-19,4697.96,17.91,62.77
2021-11-22,4682.94,19.17,60.0
2021-11-23,4690.7,19.38,60.37
2021-11-24,4701.46,18.58,56.94
2021-11-26,4594.62,28.62,31.26
2021-11-29,4655.27,22.96,38.11
2021-11-30,4567.0,27.19,24.77
2021-12-01,4513.04,31.12,25.36
2021-12-02,4577.1,27.95,22.93
2021-12-03,4538.43,30.67,20.16
2021-12-06,4591.67,27.18,21.26
2021-12-07,4686.75,21.89,37.89
2021-12-08,4701.21,19.9,41.31
2021-12-09,4667.45,21.58,36.86
2021-12-10,4712.02,18.69,42.0
2021-12-13,4668.97,20.31,35.4
2021-12-14,4634.09,21.89,31.54
2021-12-15,4709.85,19.29,37.8
2021-12-16,4668.67,20.57,33.57
2021-12-17,4620.64,21.57,32.51
2021-12-20,4568.02,22.87,29.43
2021-12-21,4649.23,21.01,34.03
2021-12-22,4696.56,18.63,39.54
2021-12-23,4725.79,17.96,50.49
2021-12-27,4791.19,17.68,56.4
2021-12-28,4786.35,17.54,62.97
2021-12-29,4793.06,16.95,64.03
2021-12-30,4778.73,17.33,63.97
2021-12-31,4766.18,17.22,62.54
2022-01-03,4796.56,16.6,65.23
2022-01-04,4793.54,16.91,64.26
2022-01-05,4700.58,19.73,51.03
2022-01-06,4696.05,19.61,52.14
2022-01-07,4677.03,18.76,49.26
2022-01-10,4670.29,19.4,51.14
2022-01-11,4713.07,18.41,56.11
2022-01-12,4726.35,17.62,55.94
2022-01-13,4659.03,20.31,52.17
2022-01-14,4662.85,19.19,55.8
2022-01-18,4577.11,22.79,53.71
2022-01-19,4532.76,23.85,44.83
2022-01-20,4482.73,25.59,39.14
2022-01-21,4397.94,28.85,26.73
2022-01-24,4410.13,29.9,23.13
2022-01-25,4356.45,31.16,20.89
2022-01-26,4349.93,31.96,19.51
2022-01-27,4326.51,30.49,18.6
2022-01-28,4431.85,27.66,23.86
2022-01-31,4515.55,24.83,29.2
2022-02-01,4546.54,21.96,30.8
2022-02-02,4589.38,22.09,28.8
2022-02-03,4477.44,24.35,26.06
2022-02-04,4500.53,23.22,27.6
2022-02-07,4483.87,22.86,27.91
2022-02-08,4521.54,21.44,28.94
2022-02-09,4587.18,19.96,32.66
2022-02-10,4504.08,23.91,33.6
2022-02-11,4418.64,27.36,28.49
2022-02-14,4401.67,28.33,25.69
2022-02-15,4471.07,25.7,29.97
2022-02-16,4475.01,24.29,32.09
2022-02-17,4380.26,28.11,32.46
2022-02-18,4348.87,27.75,29.51
2022-02-22,4304.76,28.81,28.77
2022-02-23,4225.5,31.02,18.81
2022-02-24,4288.7,30.32,21.23
2022-02-25,4384.65,27.59,28.14
2022-02-28,4373.94,30.15,25.47
2022-03-01,4306.26,33.32,22.97
2022-03-02,4386.54,30.74,17.83
2022-03-03,4363.49,30.48,21.73
2022-03-04,4328.87,31.98,18.17
2022-03-07,4201.09,36.45,16.9
2022-03-08,4170.7,35.13,16.67
2022-03-09,4277.88,32.45,18.03
2022-03-10,4259.52,30.23,17.96
2022-03-11,4204.31,30.75,19.06
2022-03-14,4173.11,31.77,17.5
2022-03-15,4262.45,29.83,21.86
2022-03-16,4357.86,26.67,25.26
2022-03-17,4411.67,25.67,33.63
2022-03-18,4463.12,23.87,38.43
2022-03-21,4461.18,23.53,40.97
2022-03-22,4511.61,22.94,44.54
2022-03-23,4456.24,23.57,45.2
2022-03-24,4520.16,21.67,46.91
2022-03-25,4543.06,20.81,49.37
2022-03-28,4575.52,19.63,51.26
2022-03-29,4631.6,18.9,52.71
2022-03-30,4602.45,19.33,52.8
2022-03-31,4530.41,20.56,59.2
2022-04-01,4545.86,19.63,59.8
2022-04-04,4582.64,18.57,61.66
2022-04-05,4525.12,21.03,47.91
2022-04-06,4481.15,22.1,46.4
2022-04-07,4500.21,21.55,46.83
2022-04-08,4488.28,21.16,46.09
2022-04-11,4412.53,24.37,43.4
2022-04-12,4397.45,24.26,42.06
2022-04-13,4446.59,21.82,41.8
2022-04-14,4392.59,22.7,39.86
2022-04-18,4391.69,22.17,37.6
2022-04-19,4462.21,21.37,39.63
2022-04-20,4459.45,20.32,43.31
2022-04-21,4393.66,22.68,38.94
2022-04-22,4271.78,28.21,31.63
2022-04-25,4296.12,27.02,29.97
2022-04-26,4175.2,33.52,17.9
2022-04-27,4183.96,31.6,16.27
2022-04-28,4287.5,29.99,24.26
2022-04-29,4131.93,33.4,14.33
2022-05-02,4155.38,32.34,13.27
2022-05-03,4175.48,29.25,30.49
2022-05-04,4300.17,25.42,22.4
2022-05-05,4146.87,31.2,13.13
2022-05-06,4123.34,30.19,12.24
2022-05-09,3991.24,34.75,8.19
2022-05-10,4001.05,32.99,7.4
2022-05-11,3935.18,32.56,4.03
2022-05-12,3930.08,31.77,3.2
2022-05-13,4023.89,28.87,11.29
2022-05-16,4008.01,27.47,11.74
2022-05-17,4088.85,26.1,15.2
2022-05-18,3923.68,30.96,6.6
2022-05-19,3900.79,29.35,13.71
2022-05-20,3901.36,29.43,12.66
2022-05-23,3973.75,28.48,17.89
2022-05-24,3941.48,29.45,16.0
2022-05-25,3978.73,28.37,17.57
2022-05-26,4057.84,27.5,24.11
2022-05-27,4158.24,25.72,29.54
2022-05-31,4132.15,26.19,40.06
2022-06-01,4101.23,25.69,40.6
2022-06-02,4176.82,24.72,44.83
2022-06-03,4108.54,24.79,35.46
2022-06-06,4121.43,25.07,42.8
2022-06-07,4160.68,24.02,45.63
2022-06-08,4115.77,23.96,48.11
2022-06-09,4017.82,26.09,47.06
2022-06-10,3900.86,27.75,40.0
2022-06-13,3749.63,34.02,25.09
2022-06-14,3735.48,32.69,20.53
2022-06-15,3789.99,29.62,29.26
2022-06-16,3666.77,32.95,17.7
2022-06-17,3674.84,31.13,16.93
2022-06-21,3764.79,30.19,19.73
2022-06-22,3759.89,28.95,26.89
2022-06-23,3795.73,29.05,26.74
2022-06-24,3911.74,27.23,30.86
2022-06-27,3900.11,26.95,30.77
2022-06-28,3821.55,28.36,28.14
2022-06-29,3818.83,28.16,26.54
2022-06-30,3785.38,28.71,24.37
2022-07-01,3825.33,26.7,24.57
2022-07-05,3831.39,27.54,22.17
2022-07-06,3845.08,26.73,22.83
2022-07-07,3902.62,26.08,27.6
2022-07-08,3899.38,24.64,31.34
2022-07-11,3854.43,26.17,30.37
2022-07-12,3818.8,27.29,30.31
2022-07-13,3801.78,26.82,27.29
2022-07-14,3790.38,26.4,26.51
2022-07-15,3863.16,24.23,33.29
2022-07-18,3830.85,25.3,35.89
2022-07-19,3936.69,24.5,39.31
2022-07-20,3959.9,23.88,44.09
2022-07-21,3998.95,23.11,48.2
2022-07-22,3961.63,23.03,42.43
2022-07-25,3966.84,23.36,42.2
2022-07-26,3921.05,24.69,42.0
2022-07-27,4023.61,23.24,46.63
2022-07-28,4072.43,22.33,48.49
2022-07-29,4130.29,21.33,52.4
2022-08-01,4118.63,22.84,59.09
2022-08-02,4091.19,23.93,57.37
2022-08-03,4155.17,21.95,60.26
2022-08-04,4151.94,21.44,61.51
2022-08-05,4145.19,21.15,63.31
2022-08-08,4140.06,21.29,64.74
2022-08-09,4122.47,21.77,64.46
2022-08-10,4210.24,19.74,65.11
2022-08-11,4207.27,20.2,65.83
2022-08-12,4280.15,19.53,68.03
2022-08-15,4297.14,19.95,66.83
2022-08-16,4305.2,19.69,67.94
2022-08-17,4274.04,19.9,67.14
2022-08-18,4283.74,19.56,66.37
2022-08-19,4228.48,20.6,63.71
2022-08-22,4137.99,23.8,60.31
2022-08-23,4128.73,24.11,57.43
2022-08-24,4140.77,22.82,57.51
2022-08-25,4199.12,21.78,58.26
2022-08-26,4057.66,25.56,55.74
2022-08-29,4030.61,26.21,54.29
2022-08-30,3986.16,26.21,49.8
2022-08-31,3955.0,25.87,52.09
2022-09-01,3966.85,25.56,49.37
2022-09-02,3924.26,25.47,42.46
2022-09-06,3908.19,26.91,40.63
2022-09-07,3979.87,24.64,39.63
2022-09-08,4006.18,23.61,40.37
2022-09-09,4067.36,22.79,43.8
2022-09-12,4110.41,23.87,47.6
2022-09-13,3932.69,27.27,36.63
2022-09-14,3946.01,26.16,41.89
2022-09-15,3901.35,26.27,40.66
2022-09-16,3873.33,26.3,35.29
2022-09-19,3899.89,25.76,36.31
2022-09-20,3855.93,27.16,36.11
2022-09-21,3789.93,27.99,27.21
2022-09-22,3757.99,27.35,24.49
2022-09-23,3693.23,29.92,21.69
2022-09-26,3655.04,32.26,17.63
2022-09-27,3647.29,32.6,16.51
2022-09-28,3719.04,30.18,17.03
2022-09-29,3640.47,31.84,13.26
2022-09-30,3585.62,31.62,16.46
2022-10-03,3678.43,30.1,20.39
2022-10-04,3790.93,29.07,27.89
2022-10-05,3783.28,28.55,29.71
2022-10-06,3744.52,30.52,23.14
2022-10-07,3639.66,31.36,19.67
2022-10-10,3612.39,32.45,19.4
2022-10-11,3588.84,33.63,16.89
2022-10-12,3577.03,33.57,15.94
2022-10-13,3669.91,31.94,19.37
2022-10-14,3583.07,32.02,16.46
2022-10-17,3677.95,31.37,23.4
2022-10-18,3719.98,30.5,28.8
2022-10-19,3695.16,30.76,29.43
2022-10-20,3665.78,29.98,39.09
2022-10-21,3752.75,29.69,43.74
2022-10-24,3797.34,29.85,47.23
2022-10-25,3859.11,28.46,51.37
2022-10-26,3830.6,27.28,53.8
2022-10-27,3807.3,27.39,54.57
2022-10-28,3901.06,25.75,57.11
2022-10-31,3871.98,25.88,64.06
2022-11-01,3856.1,25.81,63.51
2022-11-02,3759.69,25.86,55.29
2022-11-03,3719.89,25.3,55.51
2022-11-04,3770.55,24.55,56.51
2022-11-07,3806.8,24.35,59.66
2022-11-08,3828.11,25.54,57.94
2022-11-09,3748.57,26.09,54.0
2022-11-10,3956.37,23.53,60.34
2022-11-11,3992.93,22.52,63.74
2022-11-14,3957.25,23.73,62.69
2022-11-15,3991.73,24.54,66.91
2022-11-16,3958.79,24.11,65.09
2022-11-17,3946.56,23.93,61.49
2022-11-18,3965.34,23.12,60.34
2022-11-21,3949.94,22.36,60.97
2022-11-22,4003.58,21.29,60.8
2022-11-23,4027.26,20.35,64.26
2022-11-25,4026.12,20.5,63.09
2022-11-28,3963.94,22.21,59.74
2022-11-29,3957.63,21.89,58.17
2022-11-30,4080.11,20.58,73.97
2022-12-01,4076.57,19.84,75.6
2022-12-02,4071.7,19.06,68.14
2022-12-05,3998.84,20.75,65.09
2022-12-06,3941.26,22.17,61.83
2022-12-07,3933.92,22.68,58.43
2022-12-08,3963.51,22.29,55.69
2022-12-09,3934.38,22.83,52.09
2022-12-12,3990.56,25.0,57.2
2022-12-13,4019.65,22.55,59.17
2022-12-14,3995.32,21.14,60.94
2022-12-15,3895.75,22.83,60.14
2022-12-16,3852.36,22.62,44.14
2022-12-19,3817.66,22.42,39.97
2022-12-20,3821.62,21.48,38.31
2022-12-21,3878.44,20.07,38.54
2022-12-22,3822.39,21.97,37.0
2022-12-23,3844.82,20.87,39.51
2022-12-27,3829.25,21.65,39.94
2022-12-28,3783.22,22.14,35.51
2022-12-29,3849.28,21.44,37.14
2022-12-30,3839.5,21.67,36.51
2023-01-03,3824.14,22.9,36.6
2023-01-04,3852.97,22.01,39.86
2023-01-05,3808.1,22.46,44.17
2023-01-06,3895.08,21.13,45.71
2023-01-09,3892.09,21.97,47.2
2023-01-10,3919.25,20.58,49.66
2023-01-11,3969.61,21.09,54.23
2023-01-12,3983.17,18.83,56.69
2023-01-13,3999.09,18.35,61.31
2023-01-17,3990.97,19.36,64.14
2023-01-18,3928.86,20.34,58.43
2023-01-19,3898.85,20.52,55.43
2023-01-20,3972.61,19.85,58.54
2023-01-23,4019.81,19.81,63.6
2023-01-24,4016.95,19.2,63.0
2023-01-25,4016.22,19.08,63.89
2023-01-26,4060.43,18.73,68.03
2023-01-27,4070.56,18.51,69.2
2023-01-30,4017.77,19.94,67.46
2023-01-31,4076.6,19.4,70.34
2023-02-01,4119.21,17.87,82.17
2023-02-02,4179.76,18.73,75.2
2023-02-03,4136.48,18.33,76.14
2023-02-06,4111.08,19.43,75.91
2023-02-07,4164.0,18.66,76.34
2023-02-08,4117.86,19.63,74.63
2023-02-09,4081.5,20.71,72.63
2023-02-10,4090.46,20.53,72.49
2023-02-13,4137.29,20.34,71.83
2023-02-14,4136.13,18.91,73.26
2023-02-15,4147.6,18.23,73.66
2023-02-16,4090.41,20.17,70.71
2023-02-17,4079.09,20.02,69.49
2023-02-21,3997.34,22.87,65.91
2023-02-22,3991.05,22.29,64.17
2023-02-23,4012.32,21.14,62.66
2023-02-24,3970.04,21.67,60.66
2023-02-27,3982.24,20.95,61.23
2023-02-28,3970.15,20.7,61.2
2023-03-01,3951.39,20.58,65.91
2023-03-02,3981.35,19.59,52.46
2023-03-03,4045.64,18.49,55.69
2023-03-06,4048.42,18.61,55.26
2023-03-07,3986.37,19.59,48.51
2023-03-08,3992.01,19.11,49.83
2023-03-09,3918.32,22.61,37.54
2023-03-10,3861.59,24.8,26.89
2023-03-13,3855.76,26.52,23.36
2023-03-14,3919.29,23.73,25.09
2023-03-15,3891.93,26.14,22.69
2023-03-16,3960.28,22.99,32.57
2023-03-17,3916.64,25.51,27.0
2023-03-20,3951.57,24.15,30.43
2023-03-21,4002.87,21.38,43.49
2023-03-22,3936.97,22.26,41.03
2023-03-23,3948.72,22.61,38.34
2023-03-24,3970.99,21.74,37.71
2023-03-27,3977.53,20.6,40.2
2023-03-28,3971.27,19.97,39.6
2023-03-29,4027.81,19.12,41.46
2023-03-30,4050.83,19.02,45.23
2023-03-31,4109.31,18.7,49.49
2023-04-03,4124.51,18.55,61.49
2023-04-04,4100.6,19.0,50.23
2023-04-05,4090.38,19.08,52.63
2023-04-06,4105.02,18.4,55.26
2023-04-10,4109.11,18.97,57.91
2023-04-11,4108.94,19.1,58.49
2023-04-12,4091.95,19.09,60.74
2023-04-13,4146.22,17.8,63.17
2023-04-14,4137.64,17.07,65.71
2023-04-17,4151.32,16.95,67.09
2023-04-18,4154.87,16.83,65.49
2023-04-19,4154.52,16.46,67.26
2023-04-20,4129.79,17.17,64.06
2023-04-21,4133.52,16.77,63.51
2023-04-24,4137.04,16.89,63.49
2023-04-25,4071.63,18.76,57.06
2023-04-26,4055.99,18.84,52.4
2023-04-27,4135.35,17.03,58.31
2023-04-28,4169.48,15.78,59.43
2023-05-01,4167.87,16.08,59.43
2023-05-02,4119.58,17.78,55.51
2023-05-03,4090.75,18.34,54.63
2023-05-04,4061.22,20.09,49.6
2023-05-05,4136.25,17.19,53.89
2023-05-08,4138.12,16.98,57.14
2023-05-09,4119.17,17.71,59.57
2023-05-10,4137.64,16.94,59.97
2023-05-11,4130.62,16.93,59.06
2023-05-12,4124.08,17.03,57.34
2023-05-15,4136.28,17.12,57.26
2023-05-16,4109.9,17.99,55.29
2023-05-17,4158.77,16.87,60.26
2023-05-18,4198.05,16.05,64.91
2023-05-19,4191.98,16.81,65.46
2023-05-22,4192.63,17.21,67.86
2023-05-23,4145.58,18.53,65.8
2023-05-24,4115.24,20.03,61.83
2023-05-25,4151.28,19.14,62.69
2023-05-26,4205.45,17.95,65.71
2023-05-30,4205.52,17.46,66.09
2023-05-31,4179.83,17.94,64.17
2023-06-01,4221.02,15.65,68.06
2023-06-02,4282.37,14.6,75.43
2023-06-05,4273.79,14.73,69.49
2023-06-06,4283.85,13.96,73.51
2023-06-07,4267.52,13.94,74.46
2023-06-08,4293.93,13.65,75.77
2023-06-09,4298.86,13.83,76.97
2023-06-12,4338.93,15.01,78.06
2023-06-13,4369.01,14.61,79.63
2023-06-14,4372.59,13.88,79.63
2023-06-15,4425.84,14.5,80.89
2023-06-16,4409.59,13.54,81.26
2023-06-20,4388.71,13.88,80.11
2023-06-21,4365.69,13.2,80.11
2023-06-22,4381.89,12.91,80.06
2023-06-23,4348.33,13.44,75.71
2023-06-26,4328.82,14.25,73.46
2023-06-27,4378.41,13.74,75.49
2023-06-28,4376.86,13.43,76.51
2023-06-29,4396.44,13.54,79.2
2023-06-30,4450.38,13.59,79.49
2023-07-03,4455.59,13.57,82.23
2023-07-05,4446.82,14.18,79.26
2023-07-06,4411.59,15.44,77.91
2023-07-07,4398.95,14.83,77.69
2023-07-10,4409.53,15.07,76.69
2023-07-11,4439.26,14.84,78.29
2023-07-12,4472.16,13.54,78.17
2023-07-13,4510.04,13.61,79.4
2023-07-14,4505.42,13.34,79.8
2023-07-17,4522.79,13.48,80.03
2023-07-18,4554.98,13.3,81.69
2023-07-19,4565.72,13.76,82.34
2023-07-20,4534.87,13.99,80.86
2023-07-21,4536.34,13.6,81.03
2023-07-24,4554.64,13.91,82.51
2023-07-25,4567.46,13.86,81.23
2023-07-26,4566.75,13.19,80.6
2023-07-27,4537.41,14.41,77.66
2023-07-28,4582.23,13.33,76.91
2023-07-31,4588.96,13.63,77.63
2023-08-01,4576.73,13.93,77.34
2023-08-02,4513.39,16.09,77.34
2023-08-03,4501.89,15.92,73.63
2023-08-04,4478.03,17.1,64.5
2023-08-07,4518.44,15.77,72.06
2023-08-08,4499.38,15.99,69.2
2023-08-09,4467.71,15.96,67.31
2023-08-10,4468.83,15.85,66.34
2023-08-11,4464.05,14.84,65.03
2023-08-14,4489.72,14.82,66.29
2023-08-15,4437.86,16.46,54.5
2023-08-16,4404.33,16.78,49.49
2023-08-17,4370.36,17.89,46.14
2023-08-18,4369.71,17.3,43.66
2023-08-21,4399.77,17.13,43.49
2023-08-22,4387.55,16.97,43.44
2023-08-23,4436.01,15.98,50.17
2023-08-24,4376.31,17.2,40.59
2023-08-25,4405.71,15.68,47.03
2023-08-28,4433.31,15.08,45.29
2023-08-29,4497.63,14.45,49.17
2023-08-30,4514.87,13.88,50.43
2023-08-31,4507.66,13.57,52.94
2023-09-01,4515.77,13.09,55.03
2023-09-05,4496.83,14.01,59.09
2023-09-06,4465.48,14.45,56.71
2023-09-07,4451.14,14.4,53.63
2023-09-08,4457.49,13.84,51.91
2023-09-11,4487.46,13.8,52.2
2023-09-12,4461.9,14.23,51.4
2023-09-13,4467.44,13.48,51.4
2023-09-14,4505.1,12.82,54.43
2023-09-15,4450.32,13.79,52.03
2023-09-18,4453.53,14.0,49.49
2023-09-19,4443.95,14.11,49.94
2023-09-20,4402.2,15.14,48.29
2023-09-21,4330.0,17.54,37.16
2023-09-22,4320.06,17.2,33.16
2023-09-25,4337.44,16.9,38.43
2023-09-26,4273.53,18.94,24.23
2023-09-27,4274.51,18.22,22.83
2023-09-28,4299.7,17.34,29.0
2023-09-29,4288.05,17.52,28.4
2023-10-02,4288.39,17.61,28.31
2023-10-03,4229.45,19.78,20.53
2023-10-04,4263.75,18.58,20.99
2023-10-05,4258.19,18.49,20.33
2023-10-06,4308.5,17.45,27.71
2023-10-09,4335.66,17.7,29.26
2023-10-10,4358.24,17.03,32.31
2023-10-11,4376.95,16.09,34.34
2023-10-12,4349.61,16.69,35.69
2023-10-13,4327.78,19.32,26.27
2023-10-16,4373.63,17.21,35.74
2023-10-17,4373.2,17.88,39.14
2023-10-18,4314.6,19.22,30.57
2023-10-19,4278.0,21.4,29.54
2023-10-20,4224.16,21.71,22.86
2023-10-23,4217.04,20.37,25.84
2023-10-24,4247.68,18.97,33.49
2023-10-25,4186.77,20.19,25.21
2023-10-26,4137.23,20.68,22.71
2023-10-27,4117.37,21.27,21.61
2023-10-30,4166.82,19.75,29.2
2023-10-31,4193.8,18.14,30.14
2023-11-01,4237.86,16.87,32.17
2023-11-02,4317.78,15.66,37.69
2023-11-03,4358.34,14.91,36.11
2023-11-06,4365.98,14.89,38.91
2023-11-07,4378.38,14.81,39.63
2023-11-08,4382.78,14.45,39.77
2023-11-09,4347.35,15.29,41.0
2023-11-10,4415.24,14.17,41.46
2023-11-13,4411.55,14.76,39.89
2023-11-14,4495.7,14.16,46.6
2023-11-15,4502.88,14.18,52.54
2023-11-16,4508.24,14.32,55.06
2023-11-17,4514.02,13.8,58.86
2023-11-20,4547.38,13.41,61.29
2023-11-21,4538.19,13.35,61.17
2023-11-22,4556.62,12.85,65.06
2023-11-24,4559.34,12.46,66.86
2023-11-27,4550.43,12.69,65.31
2023-11-28,4554.89,12.69,65.09
2023-11-29,4550.58,12.98,63.29
2023-11-30,4567.8,12.92,64.37
2023-12-01,4594.63,12.63,64.51
2023-12-04,4569.78,13.08,63.71
2023-12-05,4567.18,12.85,65.14
2023-12-06,4549.34,12.97,63.97
2023-12-07,4585.59,13.06,66.14
2023-12-08,4604.37,12.35,65.94
2023-12-11,4622.44,12.63,67.29
2023-12-12,4643.7,12.07,67.89
2023-12-13,4707.09,12.19,67.54
2023-12-14,4719.55,12.48,70.54
2023-12-15,4719.19,12.28,69.46
2023-12-18,4740.56,12.56,70.49
2023-12-19,4768.37,12.53,82.97
2023-12-20,4698.35,13.67,75.57
2023-12-21,4746.75,13.65,77.0
2023-12-22,4754.63,13.03,79.74
2023-12-26,4774.75,12.99,81.94
2023-12-27,4781.58,12.43,81.17
2023-12-28,4783.35,12.47,81.26
2023-12-29,4769.83,12.45,80.71
2024-01-02,4742.83,13.2,79.71
2024-01-03,4704.81,14.04,76.71
2024-01-04,4688.68,14.13,78.69
2024-01-05,4697.24,13.35,75.77
2024-01-08,4763.54,13.08,76.17
2024-01-09,4756.5,12.76,75.69
2024-01-10,4783.45,12.69,76.37
2024-01-11,4780.24,12.44,74.66
2024-01-12,4783.83,12.7,73.09
2024-01-16,4765.98,13.84,72.29
2024-01-17,4739.21,14.79,57.21
2024-01-18,4780.94,14.13,66.46
2024-01-19,4839.81,13.3,72.83
2024-01-22,4850.43,13.19,72.86
2024-01-23,4864.6,12.55,70.26
2024-01-24,4868.55,13.14,72.49
2024-01-25,4894.16,13.45,73.23
2024-01-26,4890.97,13.26,73.8
2024-01-29,4927.93,13.6,74.11
2024-01-30,4924.97,13.31,74.23
2024-01-31,4845.65,14.35,64.11
2024-02-01,4906.19,13.88,72.34
2024-02-02,4958.61,13.85,74.6
2024-02-05,4942.81,13.67,73.31
2024-02-06,4954.23,13.06,73.2
2024-02-07,4995.06,12.83,73.77
2024-02-08,4997.91,12.79,74.6
2024-02-09,5026.61,12.93,75.43
2024-02-12,5021.84,13.93,75.83
2024-02-13,4953.17,15.85,66.74
2024-02-14,5000.62,14.38,67.51
2024-02-15,5029.73,14.01,73.86
2024-02-16,5005.57,14.24,73.49
2024-02-20,4975.51,15.42,63.74
2024-02-21,4981.8,15.34,63.7
2024-02-22,5087.03,14.54,73.94
2024-02-23,5088.8,13.75,73.34
2024-02-26,5069.53,13.74,71.91
2024-02-27,5078.18,13.43,75.77
2024-02-28,5069.76,13.84,76.77
2024-02-29,5096.27,13.4,77.46
2024-03-01,5137.08,13.11,76.83
2024-03-04,5130.95,13.49,79.23
2024-03-05,5078.65,14.46,76.11
2024-03-06,5104.76,14.5,72.54
2024-03-07,5157.36,14.44,73.86
2024-03-08,5123.69,14.74,70.03
2024-03-11,5117.94,15.22,62.77
2024-03-12,5175.27,13.84,72.2
2024-03-13,5165.31,13.75,71.77
2024-03-14,5150.48,14.4,70.4
2024-03-15,5117.09,14.41,68.63
2024-03-18,5149.42,14.33,70.74
2024-03-19,5178.51,13.82,70.86
2024-03-20,5224.62,13.04,69.63
2024-03-21,5241.53,12.92,71.37
2024-03-22,5234.18,13.06,69.51
2024-03-25,5218.19,13.19,67.43
2024-03-26,5203.58,13.24,67.91
2024-03-27,5248.49,12.78,69.77
2024-03-28,5254.35,13.01,68.77
2024-04-01,5243.77,13.65,71.26
2024-04-02,5205.81,14.61,71.14
2024-04-03,5211.49,14.33,69.4
2024-04-04,5147.21,16.35,53.8
2024-04-05,5204.34,16.03,58.1
2024-04-08,5202.39,15.19,64.03
2024-04-09,5209.91,14.98,59.63
2024-04-10,5160.64,15.8,49.67
2024-04-11,5199.06,14.91,56.66
2024-04-12,5123.41,17.31,45.01
2024-04-15,5061.82,19.23,38.4
2024-04-16,5051.41,18.4,35.11
2024-04-17,5022.21,18.21,31.16
2024-04-18,5011.12,18.0,30.4
2024-04-19,4967.23,18.71,27.67
2024-04-22,5010.6,16.94,34.17
2024-04-23,5070.55,15.69,36.57
2024-04-24,5071.63,15.97,37.49
2024-04-25,5048.42,15.37,39.09
2024-04-26,5099.96,15.03,40.51
2024-04-29,5116.17,14.67,42.43
2024-04-30,5035.69,15.65,40.54
2024-05-01,5018.39,15.39,40.51
2024-05-02,5064.2,14.68,42.23
2024-05-03,5127.79,13.49,43.26
2024-05-06,5180.74,13.49,39.0
2024-05-07,5187.7,13.23,37.17
2024-05-08,5187.67,13.0,38.17
2024-05-09,5214.08,12.69,42.23
2024-05-10,5222.68,12.55,46.03
2024-05-13,5221.42,13.6,48.11
2024-05-14,5246.68,13.42,55.29
2024-05-15,5308.15,12.45,59.37
2024-05-16,5297.1,12.42,62.31
2024-05-17,5303.27,11.99,62.8
2024-05-20,5308.13,12.15,60.43
2024-05-21,5321.41,11.86,59.43
2024-05-22,5307.01,12.29,58.51
2024-05-23,5267.84,12.77,52.37
2024-05-24,5304.72,11.93,51.74
2024-05-28,5306.04,12.92,54.69
2024-05-29,5266.95,14.28,49.97
2024-05-30,5235.48,14.47,45.09
2024-05-31,5277.51,12.92,48.43
2024-06-03,5283.4,13.11,45.49
2024-06-04,5291.34,13.16,47.63
2024-06-05,5354.03,12.63,51.14
2024-06-06,5352.96,12.58,45.31
2024-06-07,5346.99,12.22,43.4
2024-06-10,5360.79,12.74,44.74
2024-06-11,5375.32,12.85,44.4
2024-06-12,5421.03,12.04,46.57
2024-06-13,5433.74,11.94,44.57
2024-06-14,5431.6,12.66,41.11
2024-06-17,5473.23,12.75,43.29
2024-06-18,5487.03,12.3,41.29
2024-06-20,5473.17,13.28,38.71
2024-06-21,5464.62,13.2,39.06
2024-06-24,5447.87,13.33,37.77
2024-06-25,5469.3,12.84,37.29
2024-06-26,5477.9,12.55,40.89
2024-06-27,5482.87,12.24,45.51
2024-06-28,5460.48,12.44,44.31
2024-07-01,5475.09,12.22,47.94
2024-07-02,5509.01,12.03,49.74
2024-07-03,5537.02,12.09,48.37
2024-07-05,5567.19,12.48,49.71
2024-07-08,5572.85,12.37,51.06
2024-07-09,5576.98,12.51,50.57
2024-07-10,5633.91,12.85,54.6
2024-07-11,5584.54,12.92,49.4
2024-07-12,5615.35,12.46,54.37
2024-07-15,5631.22,13.12,57.74
2024-07-16,5667.2,13.19,57.03
2024-07-17,5588.27,14.48,46.11
2024-07-18,5544.59,15.93,45.94
2024-07-19,5505.0,16.52,43.0
2024-07-22,5564.41,14.91,48.43
2024-07-23,5555.74,14.72,46.86
2024-07-24,5427.13,18.04,38.61
2024-07-25,5399.22,18.46,39.07
2024-07-26,5459.1,16.39,42.54
2024-07-29,5463.54,16.6,42.07
2024-07-30,5436.44,17.69,40.8
2024-07-31,5522.3,16.36,46.89
2024-08-01,5446.68,18.59,32.41
2024-08-02,5346.56,23.39,27.2
2024-08-05,5186.33,38.57,16.57
2024-08-06,5240.03,27.71,23.68
2024-08-07,5199.5,27.85,19.76
2024-08-08,5319.31,23.79,23.95
2024-08-09,5344.16,20.37,23.46
2024-08-12,5344.39,20.71,21.94
2024-08-13,5434.43,18.12,25.09
2024-08-14,5455.21,16.19,27.6
2024-08-15,5543.22,15.23,33.11
2024-08-16,5554.25,14.8,35.43
2024-08-19,5608.25,14.65,46.94
2024-08-20,5597.12,15.88,47.29
2024-08-21,5620.85,16.27,51.74
2024-08-22,5570.64,17.55,48.4
2024-08-23,5634.61,15.86,54.83
2024-08-26,5616.84,16.15,43.63
2024-08-27,5625.8,15.43,55.0
2024-08-28,5592.18,17.11,56.23
2024-08-29,5591.96,15.65,60.11
2024-08-30,5648.4,15.0,62.97
2024-09-03,5528.93,20.72,54.14
2024-09-04,5520.07,21.32,49.74
2024-09-05,5503.41,19.9,47.57
2024-09-06,5408.42,22.38,39.26
2024-09-09,5471.05,19.45,40.89
2024-09-10,5495.52,19.08,38.46
2024-09-11,5554.13,17.69,39.09
2024-09-12,5595.76,17.07,44.8
2024-09-13,5626.02,16.56,47.49
2024-09-16,5633.09,17.14,54.09
2024-09-17,5634.58,17.61,55.89
2024-09-18,5618.26,18.23,60.83
2024-09-19,5713.64,16.33,65.09
2024-09-20,5702.55,16.15,63.86
2024-09-23,5718.57,15.89,65.06
2024-09-24,5732.93,15.39,66.49
2024-09-25,5722.26,15.41,67.09
2024-09-26,5745.37,15.37,68.83
2024-09-27,5738.17,16.96,72.77
2024-09-30,5762.48,16.73,73.51
2024-10-01,5708.75,19.26,67.83
2024-10-02,5709.54,18.9,69.91
2024-10-03,5699.94,20.49,71.09
2024-10-04,5751.07,19.21,73.6
2024-10-07,5695.94,22.64,69.43
2024-10-08,5751.13,21.42,70.6
2024-10-09,5792.04,20.86,71.43
2024-10-10,5780.05,20.93,69.09
2024-10-11,5815.03,20.46,74.63
2024-10-14,5859.85,19.7,75.09
2024-10-15,5815.26,20.64,66.94
2024-10-16,5842.47,19.58,69.46
2024-10-17,5841.47,19.11,70.77
2024-10-18,5864.67,18.03,74.69
2024-10-21,5853.98,18.37,70.31
2024-10-22,5851.2,18.2,67.91
2024-10-23,5797.42,19.24,62.29
2024-10-24,5809.86,19.08,61.51
2024-10-25,5808.12,20.33,60.8
2024-10-28,5823.52,19.8,60.91
2024-10-29,5832.92,19.34,57.71
2024-10-30,5813.67,20.35,54.0
2024-10-31,5705.45,23.16,46.53
2024-11-01,5728.8,21.88,44.49
2024-11-04,5712.69,21.98,41.2
2024-11-05,5782.76,20.49,47.94
2024-11-06,5929.04,16.27,58.2
2024-11-07,5973.1,15.2,58.6
2024-11-08,5995.54,14.94,62.66
2024-11-11,6001.35,14.97,68.6
2024-11-12,5983.99,14.71,66.51
2024-11-13,5985.38,14.02,65.83
2024-11-14,5949.17,14.31,58.2
2024-11-15,5870.62,16.14,51.06
2024-11-18,5893.62,15.58,49.89
2024-11-19,5916.98,16.35,49.94
2024-11-20,5917.11,17.16,49.6
2024-11-21,5948.71,16.87,57.74
2024-11-22,5969.34,15.24,60.77
2024-11-25,5987.37,14.6,64.23
2024-11-26,6021.63,14.1,66.06
2024-11-27,5998.74,14.1,63.89
2024-11-29,6032.38,13.51,67.06
2024-12-02,6047.15,13.34,62.4
2024-12-03,6049.88,13.3,56.4
2024-12-04,6086.49,13.45,56.94
2024-12-05,6075.11,13.54,54.46
2024-12-06,6090.27,12.77,52.51
2024-12-09,6052.85,14.19,48.94
2024-12-10,6034.91,14.18,47.54
2024-12-11,6084.19,13.58,51.74
2024-12-12,6051.25,13.92,50.89
2024-12-13,6051.09,13.81,49.89
2024-12-16,6074.08,14.69,54.37
2024-12-17,6050.61,15.87,50.71
2024-12-18,5872.16,27.62,29.69
2024-12-19,5867.08,24.09,21.91
2024-12-20,5930.85,18.36,28.09
2024-12-23,5974.07,16.78,29.57
