DATE,Open,Close,Adj Close
2015-01-02,206.38,205.43,172.59
2015-01-05,204.17,201.72,169.48
2015-01-06,202.09,199.82,167.88
2015-01-07,201.42,202.31,169.97
2015-01-08,204.01,205.9,172.99
2015-01-09,206.4,204.25,171.6
2015-01-12,204.41,202.65,170.26
2015-01-13,204.12,202.08,169.78
2015-01-14,199.65,200.86,168.75
2015-01-15,201.63,199.02,167.21
2015-01-16,198.77,201.63,169.4
2015-01-20,202.4,202.06,169.76
2015-01-21,201.5,203.08,170.62
2015-01-22,203.99,206.1,173.16
2015-01-23,205.79,204.97,172.21
2015-01-26,204.71,205.45,172.61
2015-01-27,202.97,202.74,170.33
2015-01-28,204.17,200.14,168.15
2015-01-29,200.38,201.99,169.7
2015-01-30,200.57,199.45,167.57
2015-02-02,200.05,201.92,169.64
2015-02-03,203.0,204.84,172.1
2015-02-04,203.92,204.06,171.44
2015-02-05,204.86,206.12,173.17
2015-02-06,206.56,205.55,172.69
2015-02-09,204.77,204.63,171.92
2015-02-10,205.88,206.81,173.75
2015-02-11,206.61,206.93,173.85
2015-02-12,207.89,208.92,175.53
2015-02-13,209.07,209.78,176.25
2015-02-17,209.4,210.11,176.52
2015-02-18,209.66,210.13,176.54
2015-02-19,209.41,209.98,176.42
2015-02-20,209.48,211.24,177.47
2015-02-23,210.94,211.21,177.45
2015-02-24,211.12,211.81,177.95
2015-02-25,211.66,211.63,177.8
2015-02-26,211.52,211.38,177.59
2015-02-27,211.26,210.66,176.99
2015-03-02,210.78,211.99,178.1
2015-03-03,211.47,211.12,177.37
2015-03-04,210.4,210.23,176.63
2015-03-05,210.62,210.46,176.82
2015-03-06,209.42,207.5,174.33
2015-03-09,207.74,208.36,175.05
2015-03-10,206.71,204.98,172.21
2015-03-11,205.29,204.5,171.81
2015-03-12,205.26,207.1,174.0
2015-03-13,206.77,205.83,172.93
2015-03-16,206.71,208.58,175.24
2015-03-17,207.69,207.96,174.72
2015-03-18,207.39,210.46,176.82
2015-03-19,209.96,209.5,176.01
2015-03-20,209.71,210.41,177.57
2015-03-23,210.42,210.0,177.22
2015-03-24,209.85,208.82,176.22
2015-03-25,209.07,205.76,173.64
2015-03-26,204.96,205.27,173.23
2015-03-27,205.13,205.74,173.62
2015-03-30,206.98,208.25,175.74
2015-03-31,207.26,206.43,174.21
2015-04-01,206.39,205.7,173.59
2015-04-02,205.62,206.44,174.22
2015-04-06,205.37,207.83,175.39
2015-04-07,207.86,207.28,174.92
2015-04-08,207.55,207.98,175.52
2015-04-09,207.78,208.9,176.29
2015-04-10,209.2,210.04,177.25
2015-04-13,209.87,209.09,176.45
2015-04-14,208.85,209.49,176.79
2015-04-15,210.05,210.43,177.58
2015-04-16,210.03,210.37,177.53
2015-04-17,208.94,207.95,175.49
2015-04-20,209.06,209.85,177.09
2015-04-21,210.67,209.6,176.88
2015-04-22,210.01,210.63,177.75
2015-04-23,210.15,211.16,178.2
2015-04-24,211.66,211.65,178.61
2015-04-27,212.33,210.77,177.87
2015-04-28,210.74,211.44,178.44
2015-04-29,210.37,210.57,177.7
2015-04-30,209.88,208.46,175.92
2015-05-01,209.4,210.72,177.83
2015-05-04,211.23,211.32,178.33
2015-05-05,211.03,208.9,176.29
2015-05-06,209.56,208.04,175.57
2015-05-07,207.92,208.87,176.27
2015-05-08,210.88,211.62,178.59
2015-05-11,211.57,210.61,177.73
2015-05-12,209.61,209.98,177.2
2015-05-13,210.47,210.02,177.24
2015-05-14,211.24,212.21,179.08
2015-05-15,212.44,212.44,179.28
2015-05-18,212.24,213.1,179.84
2015-05-19,213.24,213.03,179.78
2015-05-20,213.15,212.88,179.65
2015-05-21,212.71,213.5,180.17
2015-05-22,213.04,212.99,179.74
2015-05-26,212.4,210.7,177.81
2015-05-27,211.25,212.7,179.5
2015-05-28,212.33,212.46,179.3
2015-05-29,212.38,211.14,178.18
2015-06-01,211.94,211.57,178.54
2015-06-02,211.02,211.36,178.37
2015-06-03,212.0,211.92,178.84
2015-06-04,211.07,210.13,177.33
2015-06-05,209.95,209.77,177.03
2015-06-08,209.64,208.48,175.94
2015-06-09,208.45,208.45,175.91
2015-06-10,209.37,210.95,178.02
2015-06-11,211.48,211.63,178.6
2015-06-12,210.64,210.01,177.23
2015-06-15,208.64,209.11,176.47
2015-06-16,208.93,210.25,177.43
2015-06-17,210.59,210.59,177.72
2015-06-18,211.31,212.78,179.57
2015-06-19,211.46,210.81,178.77
2015-06-22,211.91,211.89,179.68
2015-06-23,212.14,212.04,179.81
2015-06-24,211.72,210.5,178.51
2015-06-25,211.1,209.86,177.96
2015-06-26,210.29,209.82,177.93
2015-06-29,208.05,205.42,174.2
2015-06-30,207.26,205.85,174.56
2015-07-01,207.73,207.5,175.96
2015-07-02,208.07,207.31,175.8
2015-07-06,205.77,206.72,175.3
2015-07-07,206.96,208.02,176.4
2015-07-08,206.42,204.53,173.44
2015-07-09,207.04,204.9,173.76
2015-07-10,207.29,207.48,175.95
2015-07-13,208.99,209.77,177.89
2015-07-14,209.72,210.68,178.66
2015-07-15,210.73,210.61,178.6
2015-07-16,211.87,212.3,180.03
2015-07-17,212.29,212.48,180.19
2015-07-20,212.75,212.59,180.28
2015-07-21,212.43,211.75,179.57
2015-07-22,210.93,211.37,179.24
2015-07-23,211.53,210.18,178.23
2015-07-24,210.3,208.0,176.39
2015-07-27,206.94,206.79,175.36
2015-07-28,207.79,209.33,177.51
2015-07-29,209.48,210.77,178.73
2015-07-30,210.16,210.82,178.78
2015-07-31,211.42,210.5,178.51
2015-08-03,210.46,209.79,177.9
2015-08-04,209.7,209.38,177.56
2015-08-05,210.45,210.07,178.14
2015-08-06,210.29,208.35,176.68
2015-08-07,208.16,207.95,176.34
2015-08-10,209.28,210.57,178.57
2015-08-11,208.97,208.67,176.95
2015-08-12,207.11,208.92,177.17
2015-08-13,208.73,208.66,176.95
2015-08-14,208.43,209.42,177.59
2015-08-17,208.71,210.59,178.58
2015-08-18,210.26,209.98,178.07
2015-08-19,209.09,208.32,176.66
2015-08-20,206.51,203.97,172.97
2015-08-21,201.73,197.83,167.76
2015-08-24,187.49,189.5,160.7
2015-08-25,195.43,187.27,158.81
2015-08-26,192.08,194.46,164.9
2015-08-27,197.02,199.27,168.98
2015-08-28,198.5,199.28,168.99
2015-08-31,198.11,197.67,167.63
2015-09-01,193.12,191.77,162.62
2015-09-02,194.62,195.41,165.71
2015-09-03,196.26,195.55,165.83
2015-09-04,192.85,192.59,163.32
2015-09-08,195.94,197.43,167.42
2015-09-09,199.32,194.79,165.18
2015-09-10,194.56,195.85,166.08
2015-09-11,195.38,196.74,166.84
2015-09-14,196.95,196.01,166.22
2015-09-15,196.61,198.46,168.3
2015-09-16,198.82,200.18,169.75
2015-09-17,200.02,199.73,169.37
2015-09-18,195.71,195.45,166.61
2015-09-21,196.44,196.46,167.47
2015-09-22,193.88,193.91,165.29
2015-09-23,194.11,193.6,165.03
2015-09-24,192.15,192.9,164.43
2015-09-25,194.64,192.85,164.39
2015-09-28,191.78,188.01,160.26
2015-09-29,188.27,188.12,160.36
2015-09-30,190.37,191.63,163.35
2015-10-01,192.08,192.13,163.78
2015-10-02,189.77,195.0,166.22
2015-10-05,196.46,198.47,169.18
2015-10-06,198.31,197.79,168.6
2015-10-07,198.9,199.41,169.98
2015-10-08,198.95,201.21,171.52
2015-10-09,201.38,201.33,171.62
2015-10-12,201.42,201.52,171.78
2015-10-13,200.65,200.25,170.7
2015-10-14,200.18,199.29,169.88
2015-10-15,200.08,202.35,172.49
2015-10-16,202.83,203.27,173.27
2015-10-19,202.5,203.37,173.36
2015-10-20,202.85,203.11,173.13
2015-10-21,203.61,201.85,172.06
2015-10-22,202.98,205.26,174.97
2015-10-23,207.25,207.51,176.89
2015-10-26,207.3,207.0,176.45
2015-10-27,206.2,206.6,176.11
2015-10-28,207.0,208.95,178.11
2015-10-29,208.35,208.83,178.01
2015-10-30,209.06,207.93,177.24
2015-11-02,208.32,210.39,179.34
2015-11-03,209.97,211.0,179.86
2015-11-04,211.35,210.36,179.31
2015-11-05,210.43,210.15,179.14
2015-11-06,209.74,210.04,179.04
2015-11-09,209.31,208.08,177.37
2015-11-10,207.51,208.56,177.78
2015-11-11,208.88,207.74,177.08
2015-11-12,206.5,204.84,174.61
2015-11-13,204.35,202.54,172.65
2015-11-16,202.32,205.62,175.27
2015-11-17,205.99,205.47,175.15
2015-11-18,206.04,208.73,177.93
2015-11-19,208.59,208.55,177.77
2015-11-20,209.45,209.31,178.42
2015-11-23,209.38,209.07,178.22
2015-11-24,207.87,209.35,178.45
2015-11-25,209.5,209.32,178.43
2015-11-27,209.43,209.56,178.63
2015-11-30,209.75,208.69,177.89
2015-12-01,209.44,210.68,179.59
2015-12-02,210.62,208.53,177.75
2015-12-03,208.83,205.61,175.27
2015-12-04,205.61,209.62,178.68
2015-12-07,209.23,208.35,177.6
2015-12-08,206.49,206.95,176.41
2015-12-09,206.19,205.34,175.04
2015-12-10,205.42,205.87,175.49
2015-12-11,203.35,201.88,172.09
2015-12-14,202.07,202.9,172.96
2015-12-15,204.7,205.03,174.77
2015-12-16,206.37,208.03,177.33
2015-12-17,208.4,204.86,174.63
2015-12-18,202.77,200.02,171.52
2015-12-21,201.41,201.67,172.93
2015-12-22,202.72,203.5,174.5
2015-12-23,204.69,206.02,176.66
2015-12-24,205.72,205.68,176.37
2015-12-28,204.86,205.21,175.97
2015-12-29,206.51,207.4,177.84
2015-12-30,207.11,205.93,176.58
2015-12-31,205.13,203.87,174.82
2016-01-04,200.49,201.02,172.37
2016-01-05,201.4,201.36,172.66
2016-01-06,198.34,198.82,170.49
2016-01-07,195.33,194.05,166.4
2016-01-08,195.19,191.92,164.57
2016-01-11,193.01,192.11,164.73
2016-01-12,193.82,193.66,166.06
2016-01-13,194.45,188.83,161.92
2016-01-14,189.55,191.93,164.58
2016-01-15,186.77,187.81,161.05
2016-01-19,189.96,188.06,161.26
2016-01-20,185.03,185.65,159.19
2016-01-21,186.21,186.69,160.08
2016-01-22,189.78,190.52,163.37
2016-01-25,189.92,187.64,160.9
2016-01-26,188.42,190.2,163.09
2016-01-27,189.58,188.13,161.32
2016-01-28,189.96,189.11,162.16
2016-01-29,190.02,193.72,166.11
2016-02-01,192.53,193.65,166.05
2016-02-02,191.96,190.16,163.06
2016-02-03,191.41,191.3,164.04
2016-02-04,190.71,191.6,164.3
2016-02-05,190.99,187.95,161.17
2016-02-08,185.77,185.42,159.0
2016-02-09,183.36,185.43,159.0
2016-02-10,186.41,185.27,158.87
2016-02-11,182.34,182.86,156.8
2016-02-12,184.96,186.63,160.03
2016-02-16,188.77,189.78,162.73
2016-02-17,191.16,192.88,165.39
2016-02-18,193.2,192.09,164.72
2016-02-19,191.17,192.0,164.64
2016-02-22,193.87,194.78,167.02
2016-02-23,194.0,192.32,164.91
2016-02-24,190.63,193.2,165.67
2016-02-25,193.73,195.54,167.67
2016-02-26,196.57,195.09,167.29
2016-02-29,195.11,193.56,165.98
2016-03-01,195.01,198.11,169.88
2016-03-02,197.74,199.0,170.64
2016-03-03,198.79,199.78,171.31
2016-03-04,200.01,200.43,171.87
2016-03-07,199.34,200.59,172.0
2016-03-08,199.32,198.4,170.13
2016-03-09,199.36,199.38,170.97
2016-03-10,199.96,199.54,171.1
2016-03-11,201.26,202.76,173.86
2016-03-14,202.16,202.5,173.64
2016-03-15,201.36,202.17,173.36
2016-03-16,201.6,203.34,174.36
2016-03-17,203.24,204.63,175.47
2016-03-18,204.17,204.38,176.16
2016-03-21,204.07,204.67,176.41
2016-03-22,203.76,204.56,176.31
2016-03-23,204.11,203.21,175.15
2016-03-24,202.0,203.12,175.07
2016-03-28,203.61,203.24,175.18
2016-03-29,202.76,205.12,176.8
2016-03-30,206.3,206.02,177.57
2016-03-31,205.91,205.52,177.14
2016-04-01,204.35,206.92,178.35
2016-04-04,206.83,206.25,177.77
2016-04-05,204.67,204.19,175.99
2016-04-06,204.19,206.42,177.92
2016-04-07,205.14,203.95,175.79
2016-04-08,205.34,204.5,176.26
2016-04-11,205.25,204.02,175.85
2016-04-12,204.22,205.92,177.49
2016-04-13,207.0,208.0,179.28
2016-04-14,208.07,208.01,179.29
2016-04-15,208.01,207.78,179.09
2016-04-18,207.78,209.24,180.35
2016-04-19,209.74,209.9,180.92
2016-04-20,209.95,210.1,181.09
2016-04-21,210.12,208.97,180.11
2016-04-22,208.55,208.97,180.11
2016-04-25,208.26,208.61,179.8
2016-04-26,209.04,208.92,180.07
2016-04-27,208.47,209.35,180.44
2016-04-28,208.46,207.45,178.8
2016-04-29,206.72,206.33,177.84
2016-05-02,206.92,207.97,179.25
2016-05-03,206.52,206.16,177.69
2016-05-04,204.99,205.01,176.7
2016-05-05,205.56,204.97,176.67
2016-05-06,204.06,205.72,177.31
2016-05-09,205.57,205.89,177.46
2016-05-10,206.72,208.45,179.67
2016-05-11,207.91,206.5,177.99
2016-05-12,207.29,206.56,178.04
2016-05-13,206.21,204.76,176.49
2016-05-16,204.96,206.78,178.23
2016-05-17,206.46,204.85,176.56
2016-05-18,204.44,204.91,176.61
2016-05-19,204.06,204.2,176.0
2016-05-20,204.92,205.49,177.11
2016-05-23,205.51,205.21,176.87
2016-05-24,206.17,207.87,179.17
2016-05-25,208.67,209.28,180.38
2016-05-26,209.44,209.34,180.43
2016-05-27,209.53,210.24,181.21
2016-05-31,210.56,209.84,180.86
2016-06-01,209.12,210.27,181.23
2016-06-02,209.8,210.91,181.79
2016-06-03,210.25,210.28,181.24
2016-06-06,210.7,211.35,182.17
2016-06-07,211.53,211.68,182.45
2016-06-08,211.84,212.37,183.04
2016-06-09,211.51,212.08,182.79
2016-06-10,210.46,210.07,181.06
2016-06-13,209.36,208.45,179.67
2016-06-14,208.0,208.04,179.31
2016-06-15,208.04,207.75,179.06
2016-06-16,207.75,208.37,179.6
2016-06-17,207.17,206.52,178.93
2016-06-20,208.82,207.85,180.08
2016-06-21,208.3,208.44,180.59
2016-06-22,208.65,208.1,180.3
2016-06-23,209.81,210.81,182.64
2016-06-24,203.63,203.24,176.09
2016-06-27,201.59,199.6,172.93
2016-06-28,201.48,203.2,176.05
2016-06-29,204.84,206.66,179.05
2016-06-30,207.21,209.48,181.49
2016-07-01,209.48,209.92,181.87
2016-07-05,208.95,208.41,180.57
2016-07-06,207.83,209.66,181.65
2016-07-07,209.87,209.53,181.54
2016-07-08,211.05,212.65,184.24
2016-07-11,213.19,213.4,184.89
2016-07-12,214.53,214.95,186.23
2016-07-13,215.44,214.92,186.21
2016-07-14,216.4,216.12,187.25
2016-07-15,216.78,215.83,186.99
2016-07-18,215.97,216.41,187.5
2016-07-19,215.92,216.19,187.31
2016-07-20,216.19,217.09,188.09
2016-07-21,216.96,216.27,187.38
2016-07-22,216.41,217.24,188.22
2016-07-25,217.0,216.65,187.7
2016-07-26,216.53,216.75,187.79
2016-07-27,217.19,216.52,187.59
2016-07-28,216.29,216.77,187.81
2016-07-29,216.46,217.12,188.11
2016-08-01,217.19,216.94,187.96
2016-08-02,216.65,215.55,186.75
2016-08-03,215.48,216.18,187.3
2016-08-04,216.31,216.41,187.5
2016-08-05,216.41,218.18,189.03
2016-08-08,218.4,218.05,188.92
2016-08-09,218.13,218.18,189.03
2016-08-10,218.31,217.64,188.56
2016-08-11,218.26,218.65,189.44
2016-08-12,218.29,218.46,189.27
2016-08-15,218.89,219.09,189.82
2016-08-16,218.6,217.96,188.84
2016-08-17,218.0,218.37,189.19
2016-08-18,218.34,218.86,189.62
2016-08-19,218.31,218.54,189.34
2016-08-22,218.26,218.53,189.33
2016-08-23,219.25,218.97,189.71
2016-08-24,218.8,217.85,188.74
2016-08-25,217.4,217.7,188.61
2016-08-26,217.92,217.29,188.26
2016-08-29,217.44,218.36,189.19
2016-08-30,218.26,218.0,188.87
2016-08-31,217.61,217.38,188.34
2016-09-01,217.37,217.39,188.35
2016-09-02,218.39,218.37,189.19
2016-09-06,218.7,219.03,189.77
2016-09-07,218.84,219.01,189.75
2016-09-08,218.62,218.51,189.32
2016-09-09,216.97,213.28,184.78
2016-09-12,212.39,216.34,187.44
2016-09-13,214.84,213.23,184.74
2016-09-14,213.29,213.15,184.67
2016-09-15,212.96,215.28,186.52
2016-09-16,213.48,213.37,185.8
2016-09-19,214.13,213.41,185.83
2016-09-20,214.41,213.42,185.84
2016-09-21,214.24,215.82,187.93
2016-09-22,217.0,217.18,189.11
2016-09-23,216.72,215.99,188.08
2016-09-26,215.02,214.24,186.55
2016-09-27,214.05,215.57,187.71
2016-09-28,215.83,216.64,188.64
2016-09-29,216.4,214.68,186.94
2016-09-30,215.65,216.3,188.35
2016-10-03,215.82,215.78,187.9
2016-10-04,215.91,214.68,186.94
2016-10-05,215.41,215.63,187.76
2016-10-06,215.37,215.78,187.9
2016-10-07,216.1,215.04,187.25
2016-10-10,216.16,216.16,188.23
2016-10-11,215.66,213.43,185.85
2016-10-12,213.59,213.71,186.09
2016-10-13,212.16,213.01,185.48
2016-10-14,214.15,213.12,185.58
2016-10-17,213.09,212.38,184.93
2016-10-18,214.24,213.71,186.09
2016-10-19,214.02,214.28,186.59
2016-10-20,213.87,213.88,186.24
2016-10-21,213.88,213.98,186.33
2016-10-24,215.0,214.89,187.12
2016-10-25,214.68,214.17,186.49
2016-10-26,213.21,213.74,186.12
2016-10-27,214.58,213.17,185.62
2016-10-28,213.14,212.54,185.07
2016-10-31,212.93,212.55,185.08
2016-11-01,212.93,211.01,183.74
2016-11-02,210.65,209.74,182.64
2016-11-03,209.99,208.78,181.8
2016-11-04,208.91,208.55,181.6
2016-11-07,208.55,213.15,185.61
2016-11-08,212.69,214.11,186.44
2016-11-09,212.37,216.38,188.42
2016-11-10,217.3,216.92,188.89
2016-11-11,216.08,216.42,188.45
2016-11-14,217.03,216.59,188.6
2016-11-15,217.04,218.28,190.07
2016-11-16,217.56,217.87,189.72
2016-11-17,218.05,218.99,190.69
2016-11-18,219.07,218.5,190.26
2016-11-21,219.17,220.15,191.7
2016-11-22,220.51,220.58,192.08
2016-11-23,219.98,220.7,192.18
2016-11-25,221.1,221.52,192.89
2016-11-28,221.16,220.48,191.99
2016-11-29,220.52,220.91,192.36
2016-11-30,221.63,220.38,191.9
2016-12-01,220.73,219.57,191.2
2016-12-02,219.67,219.68,191.29
2016-12-05,220.65,221.0,192.44
2016-12-06,221.22,221.7,193.05
2016-12-07,221.52,224.6,195.58
2016-12-08,224.57,225.15,196.05
2016-12-09,225.41,226.51,197.24
2016-12-12,226.4,226.25,197.01
2016-12-13,227.02,227.76,198.33
2016-12-14,227.41,225.88,196.69
2016-12-15,226.16,226.81,197.5
2016-12-16,226.01,225.04,197.11
2016-12-19,225.25,225.53,197.54
2016-12-20,226.15,226.4,198.3
2016-12-21,226.25,225.77,197.75
2016-12-22,225.6,225.38,197.41
2016-12-23,225.43,225.71,197.7
2016-12-27,226.02,226.27,198.19
2016-12-28,226.57,224.4,196.55
2016-12-29,224.48,224.35,196.51
2016-12-30,224.73,223.53,195.79
2017-01-03,225.04,225.24,197.29
2017-01-04,225.62,226.58,198.46
2017-01-05,226.27,226.4,198.3
2017-01-06,226.53,227.21,199.01
2017-01-09,226.91,226.46,198.36
2017-01-10,226.48,226.46,198.36
2017-01-11,226.36,227.1,198.92
2017-01-12,226.5,226.53,198.42
2017-01-13,226.73,227.05,198.87
2017-01-17,226.31,226.25,198.17
2017-01-18,226.54,226.75,198.61
2017-01-19,226.84,225.91,197.88
2017-01-20,226.7,226.74,198.6
2017-01-23,226.74,226.15,198.09
2017-01-24,226.4,227.6,199.36
2017-01-25,228.7,229.57,201.08
2017-01-26,229.4,229.33,200.87
2017-01-27,229.42,228.97,200.56
2017-01-30,228.17,227.55,199.31
2017-01-31,226.98,227.53,199.29
2017-02-01,227.53,227.62,199.37
2017-02-02,227.62,227.77,199.5
2017-02-03,228.82,229.34,200.88
2017-02-06,228.87,228.93,200.52
2017-02-07,229.38,228.94,200.53
2017-02-08,228.94,229.24,200.79
2017-02-09,229.24,230.6,201.98
2017-02-10,231.0,231.51,202.78
2017-02-13,232.08,232.77,203.88
2017-02-14,232.56,233.7,204.7
2017-02-15,233.45,234.92,205.77
2017-02-16,234.95,234.72,205.59
2017-02-17,233.95,235.09,205.92
2017-02-21,235.52,236.49,207.14
2017-02-22,236.02,236.28,206.96
2017-02-23,236.88,236.44,207.1
2017-02-24,235.46,236.74,207.36
2017-02-27,236.64,237.11,207.69
2017-02-28,236.67,236.47,207.13
2017-03-01,238.39,239.78,210.02
2017-03-02,239.56,238.27,208.7
2017-03-03,238.17,238.42,208.83
2017-03-06,237.5,237.71,208.21
2017-03-07,237.36,237.0,207.59
2017-03-08,237.34,236.56,207.2
2017-03-09,236.7,236.86,207.47
2017-03-10,237.97,237.69,208.19
2017-03-13,237.62,237.81,208.3
2017-03-14,237.18,236.9,207.5
2017-03-15,237.56,238.95,209.3
2017-03-16,239.11,238.48,208.89
2017-03-17,237.75,237.03,208.52
2017-03-20,237.03,236.77,208.29
2017-03-21,237.47,233.73,205.62
2017-03-22,233.77,234.28,206.1
2017-03-23,234.28,234.03,205.88
2017-03-24,234.38,233.86,205.73
2017-03-27,231.93,233.62,205.52
2017-03-28,233.27,235.32,207.01
2017-03-29,234.99,235.54,207.21
2017-03-30,235.47,236.29,207.87
2017-03-31,235.9,235.74,207.38
2017-04-03,235.8,235.33,207.02
2017-04-04,235.0,235.48,207.16
2017-04-05,236.26,234.78,206.54
2017-04-06,234.94,235.44,207.12
2017-04-07,235.15,235.2,206.91
2017-04-10,235.36,235.34,207.03
2017-04-11,234.9,235.06,206.79
2017-04-12,234.74,234.03,205.88
2017-04-13,233.64,232.51,204.54
2017-04-17,233.11,234.57,206.35
2017-04-18,233.72,233.87,205.74
2017-04-19,234.52,233.44,205.36
2017-04-20,234.15,235.34,207.03
2017-04-21,235.25,234.59,206.37
2017-04-24,237.18,237.17,208.64
2017-04-25,237.91,238.55,209.86
2017-04-26,238.51,238.4,209.72
2017-04-27,238.77,238.6,209.9
2017-04-28,238.9,238.08,209.44
2017-05-01,238.68,238.68,209.97
2017-05-02,238.84,238.77,210.05
2017-05-03,238.77,238.48,209.79
2017-05-04,238.83,238.76,210.04
2017-05-05,239.19,239.7,210.87
2017-05-08,239.75,239.66,210.83
2017-05-09,239.96,239.44,210.64
2017-05-10,239.39,239.87,211.02
2017-05-11,239.35,239.38,210.59
2017-05-12,239.09,238.98,210.23
2017-05-15,239.47,240.3,211.4
2017-05-16,240.64,240.08,211.2
2017-05-17,240.08,235.82,207.45
2017-05-18,235.73,236.77,208.29
2017-05-19,237.33,238.31,209.65
2017-05-22,238.9,239.52,210.71
2017-05-23,239.95,240.05,211.18
2017-05-24,240.32,240.61,211.67
2017-05-25,241.2,241.76,212.68
2017-05-26,241.54,241.71,212.64
2017-05-30,241.34,241.5,212.45
2017-05-31,241.84,241.44,212.4
2017-06-01,241.97,243.36,214.09
2017-06-02,243.42,244.17,214.8
2017-06-05,243.97,243.99,214.64
2017-06-06,243.34,243.21,213.96
2017-06-07,243.6,243.66,214.35
2017-06-08,243.77,243.78,214.46
2017-06-09,244.09,243.41,214.13
2017-06-12,243.13,243.36,214.09
2017-06-13,243.98,244.55,215.13
2017-06-14,244.86,244.24,214.86
2017-06-15,242.68,243.77,214.45
2017-06-16,242.77,242.64,214.5
2017-06-19,243.59,244.66,216.28
2017-06-20,244.25,243.01,214.82
2017-06-21,243.46,242.95,214.77
2017-06-22,242.96,242.84,214.67
2017-06-23,242.91,243.13,214.93
2017-06-26,243.9,243.29,215.07
2017-06-27,243.04,241.33,213.34
2017-06-28,242.5,243.49,215.25
2017-06-29,243.66,241.35,213.35
2017-06-30,242.28,241.8,213.75
2017-07-03,242.88,242.21,214.11
2017-07-05,242.63,242.77,214.61
2017-07-06,241.89,240.55,212.65
2017-07-07,241.21,242.11,214.03
2017-07-10,242.11,242.37,214.26
2017-07-11,242.37,242.19,214.1
2017-07-12,243.3,244.01,215.71
2017-07-13,244.02,244.42,216.07
2017-07-14,244.42,245.56,217.08
2017-07-17,245.47,245.53,217.05
2017-07-18,245.06,245.66,217.16
2017-07-19,246.02,246.99,218.34
2017-07-20,247.28,247.1,218.44
2017-07-21,246.44,246.88,218.24
2017-07-24,246.79,246.82,218.19
2017-07-25,247.68,247.42,218.72
2017-07-26,247.75,247.43,218.73
2017-07-27,247.96,247.2,218.53
2017-07-28,246.65,246.91,218.27
2017-07-31,247.37,246.77,218.15
2017-08-01,247.46,247.32,218.63
2017-08-02,247.47,247.44,218.74
2017-08-03,247.31,246.96,218.31
2017-08-04,247.52,247.41,218.71
2017-08-07,247.49,247.87,219.12
2017-08-08,247.51,247.26,218.58
2017-08-09,246.47,247.25,218.57
2017-08-10,246.29,243.76,215.49
2017-08-11,244.02,244.12,215.8
2017-08-14,245.59,246.54,217.94
2017-08-15,246.98,246.51,217.92
2017-08-16,247.11,246.94,218.3
2017-08-17,246.24,243.09,214.89
2017-08-18,242.9,242.71,214.56
2017-08-21,242.64,242.9,214.72
2017-08-22,243.57,245.44,216.97
2017-08-23,244.33,244.56,216.19
2017-08-24,245.0,243.99,215.69
2017-08-25,244.9,244.56,216.19
2017-08-28,245.17,244.57,216.2
2017-08-29,243.06,244.85,216.45
2017-08-30,244.83,246.01,217.47
2017-08-31,246.72,247.49,218.78
2017-09-01,247.92,247.84,219.09
2017-09-05,247.26,246.06,217.52
2017-09-06,246.84,246.9,218.26
2017-09-07,247.25,246.87,218.23
2017-09-08,246.54,246.58,217.98
2017-09-11,248.04,249.21,220.3
2017-09-12,249.63,250.05,221.05
2017-09-13,249.72,250.17,221.15
2017-09-14,249.8,250.09,221.08
2017-09-15,248.69,249.19,221.38
2017-09-18,249.61,249.72,221.85
2017-09-19,250.0,249.97,222.07
2017-09-20,250.07,250.06,222.15
2017-09-21,249.88,249.39,221.56
2017-09-22,249.05,249.44,221.6
2017-09-25,249.15,248.93,221.15
2017-09-26,249.42,249.08,221.28
2017-09-27,249.88,250.05,222.14
2017-09-28,249.73,250.35,222.41
2017-09-29,250.34,251.23,223.19
2017-10-02,251.49,252.32,224.16
2017-10-03,252.32,252.86,224.64
2017-10-04,252.69,253.16,224.91
2017-10-05,253.54,254.66,226.24
2017-10-06,254.15,254.37,225.98
2017-10-09,254.63,253.95,225.61
2017-10-10,254.6,254.62,226.2
2017-10-11,254.51,255.02,226.56
2017-10-12,254.66,254.64,226.22
2017-10-13,255.14,254.95,226.5
2017-10-16,255.21,255.29,226.8
2017-10-17,255.23,255.47,226.96
2017-10-18,255.9,255.72,227.18
2017-10-19,254.83,255.79,227.24
2017-10-20,256.7,257.11,228.41
2017-10-23,257.48,256.11,227.53
2017-10-24,256.6,256.56,227.93
2017-10-25,256.18,255.29,226.8
2017-10-26,255.99,255.62,227.09
2017-10-27,256.47,257.71,228.95
2017-10-30,256.47,256.75,228.09
2017-10-31,257.18,257.15,228.45
2017-11-01,258.04,257.49,228.75
2017-11-02,257.41,257.59,228.84
2017-11-03,257.77,258.45,229.61
2017-11-06,258.3,258.85,229.96
2017-11-07,258.97,258.67,229.8
2017-11-08,258.47,259.11,230.19
2017-11-09,257.73,258.17,229.36
2017-11-10,257.73,258.09,229.29
2017-11-13,257.31,258.33,229.5
2017-11-14,257.41,257.73,228.97
2017-11-15,256.62,256.44,227.82
2017-11-16,257.52,258.62,229.76
2017-11-17,258.22,257.86,229.08
2017-11-20,258.14,258.3,229.47
2017-11-21,259.18,259.99,230.97
2017-11-22,260.0,259.76,230.77
2017-11-24,260.32,260.36,231.3
2017-11-27,260.41,260.23,231.19
2017-11-28,260.76,262.87,233.53
2017-11-29,263.02,262.71,233.39
2017-11-30,263.76,265.01,235.43
2017-12-01,264.76,264.46,234.94
2017-12-04,266.31,264.14,234.66
2017-12-05,263.19,263.19,233.82
2017-12-06,263.3,263.24,233.86
2017-12-07,264.07,264.07,234.6
2017-12-08,265.16,265.51,235.88
2017-12-11,266.31,266.31,236.59
2017-12-12,267.21,266.78,237.01
2017-12-13,267.06,266.75,236.98
2017-12-14,267.09,265.66,236.01
2017-12-15,265.45,266.51,237.98
2017-12-18,268.1,268.2,239.48
2017-12-19,268.48,267.17,238.57
2017-12-20,268.27,267.03,238.44
2017-12-21,267.74,267.58,238.93
2017-12-22,267.6,267.51,238.87
2017-12-26,267.05,267.19,238.58
2017-12-27,267.38,267.32,238.7
2017-12-28,267.89,267.87,239.19
2017-12-29,268.53,266.86,238.29
2018-01-02,267.84,268.77,239.99
2018-01-03,268.96,270.47,241.51
2018-01-04,271.2,271.61,242.53
2018-01-05,272.51,273.42,244.15
2018-01-08,273.31,273.92,244.59
2018-01-09,274.4,274.54,245.15
2018-01-10,273.68,274.12,244.77
2018-01-11,274.75,276.12,246.56
2018-01-12,276.42,277.92,248.16
2018-01-16,279.35,276.97,247.32
2018-01-17,278.03,279.61,249.67
2018-01-18,279.48,279.14,249.25
2018-01-19,279.8,280.41,250.39
2018-01-22,280.17,282.69,252.42
2018-01-23,282.74,283.29,252.96
2018-01-24,284.02,283.18,252.86
2018-01-25,284.16,283.3,252.97
2018-01-26,284.25,286.58,255.9
2018-01-29,285.93,284.68,254.2
2018-01-30,282.6,281.76,251.59
2018-01-31,282.73,281.9,251.72
2018-02-01,281.07,281.58,251.43
2018-02-02,280.08,275.45,245.96
2018-02-05,273.45,263.93,235.67
2018-02-06,259.94,269.13,240.32
2018-02-07,268.5,267.67,239.01
2018-02-08,268.01,257.63,230.05
2018-02-09,260.8,261.5,233.5
2018-02-12,263.83,265.34,236.93
2018-02-13,263.97,266.0,237.52
2018-02-14,264.31,269.59,240.73
2018-02-15,271.57,273.03,243.8
2018-02-16,272.32,273.11,243.87
2018-02-20,272.03,271.4,242.34
2018-02-21,271.9,270.05,241.14
2018-02-22,271.1,270.4,241.45
2018-02-23,271.79,274.71,245.3
2018-02-26,275.93,277.9,248.15
2018-02-27,278.11,274.43,245.05
2018-02-28,275.68,271.65,242.57
2018-03-01,271.41,267.7,239.04
2018-03-02,265.8,269.08,240.27
2018-03-05,267.73,272.19,243.05
2018-03-06,273.3,272.88,243.66
2018-03-07,270.42,272.78,243.57
2018-03-08,273.55,274.1,244.75
2018-03-09,275.7,278.87,249.01
2018-03-12,279.2,278.52,248.7
2018-03-13,279.84,276.72,247.09
2018-03-14,277.81,275.3,245.82
2018-03-15,275.88,275.0,245.56
2018-03-16,274.5,274.2,245.82
2018-03-19,273.35,270.49,242.5
2018-03-20,270.94,270.95,242.91
2018-03-21,270.9,270.43,242.44
2018-03-22,267.91,263.67,236.38
2018-03-23,264.17,258.05,231.34
2018-03-26,262.13,265.11,237.67
2018-03-27,266.17,260.6,233.63
2018-03-28,260.75,259.83,232.94
2018-03-29,261.12,263.15,235.92
2018-04-02,262.55,257.47,230.82
2018-04-03,258.87,260.77,233.78
2018-04-04,256.75,263.56,236.28
2018-04-05,265.55,265.64,238.15
2018-04-06,263.42,259.72,232.84
2018-04-09,261.37,261.0,233.99
2018-04-10,264.27,265.15,237.71
2018-04-11,263.47,263.76,236.46
2018-04-12,265.26,265.93,238.41
2018-04-13,267.41,265.15,237.71
2018-04-16,267.0,267.33,239.66
2018-04-17,269.33,270.19,242.23
2018-04-18,270.69,270.39,242.41
2018-04-19,269.65,268.89,241.06
2018-04-20,268.81,266.61,239.02
2018-04-23,267.26,266.57,238.98
2018-04-24,267.73,262.98,235.76
2018-04-25,262.91,263.63,236.35
2018-04-26,264.79,266.31,238.75
2018-04-27,267.0,266.56,238.97
2018-04-30,267.26,264.51,237.14
2018-05-01,263.87,264.98,237.56
2018-05-02,264.76,263.2,235.96
2018-05-03,262.26,262.62,235.44
2018-05-04,261.52,266.02,238.49
2018-05-07,266.89,266.92,239.3
2018-05-08,266.5,266.92,239.3
2018-05-09,267.68,269.5,241.61
2018-05-10,270.34,272.02,243.87
2018-05-11,272.16,272.85,244.61
2018-05-14,273.34,272.98,244.73
2018-05-15,271.59,271.1,243.04
2018-05-16,271.14,272.24,244.07
2018-05-17,271.94,272.01,243.86
2018-05-18,271.62,271.33,243.25
2018-05-21,273.01,273.37,245.08
2018-05-22,273.96,272.61,244.4
2018-05-23,271.17,273.36,245.07
2018-05-24,272.91,272.8,244.57
2018-05-25,272.15,272.15,243.99
2018-05-29,270.31,269.02,241.18
2018-05-30,270.5,272.61,244.4
2018-05-31,272.15,270.94,242.9
2018-06-01,272.41,273.6,245.29
2018-06-04,274.53,274.9,246.45
2018-06-05,275.05,275.1,246.63
2018-06-06,275.79,277.4,248.69
2018-06-07,277.95,277.37,248.66
2018-06-08,276.85,278.19,249.4
2018-06-11,278.44,278.56,249.73
2018-06-12,279.03,278.92,250.05
2018-06-13,279.19,278.03,249.26
2018-06-14,279.01,278.73,249.88
2018-06-15,276.6,277.13,249.57
2018-06-18,275.49,276.56,249.05
2018-06-19,274.0,275.5,248.1
2018-06-20,276.27,275.97,248.52
2018-06-21,275.96,274.24,246.96
2018-06-22,275.66,274.74,247.41
2018-06-25,273.44,271.0,244.05
2018-06-26,271.64,271.6,244.59
2018-06-27,272.26,269.35,242.56
2018-06-28,269.29,270.89,243.95
2018-06-29,272.12,271.28,244.3
2018-07-02,269.51,271.86,244.82
2018-07-03,272.87,270.9,243.96
2018-07-05,272.17,273.11,245.95
2018-07-06,273.14,275.42,248.03
2018-07-09,276.55,277.9,250.26
2018-07-10,278.41,278.9,251.16
2018-07-11,277.15,276.86,249.32
2018-07-12,278.28,279.37,251.58
2018-07-13,279.17,279.59,251.78
2018-07-16,279.64,279.34,251.56
2018-07-17,278.47,280.47,252.57
2018-07-18,280.56,281.06,253.1
2018-07-19,280.31,280.0,252.15
2018-07-20,279.77,279.68,251.86
2018-07-23,279.45,280.2,252.33
2018-07-24,281.79,281.61,253.6
2018-07-25,281.33,284.01,255.76
2018-07-26,283.2,283.34,255.16
2018-07-27,283.71,281.42,253.43
2018-07-30,281.51,279.95,252.1
2018-07-31,280.81,281.33,253.35
2018-08-01,281.56,280.86,252.92
2018-08-02,279.39,282.39,254.3
2018-08-03,282.53,283.6,255.39
2018-08-06,283.64,284.64,256.33
2018-08-07,285.39,285.58,257.18
2018-08-08,285.39,285.46,257.07
2018-08-09,285.53,285.07,256.72
2018-08-10,283.45,283.16,255.0
2018-08-13,283.47,282.1,254.04
2018-08-14,282.92,283.9,255.66
2018-08-15,282.38,281.78,253.75
2018-08-16,283.4,284.06,255.81
2018-08-17,283.83,285.06,256.71
2018-08-20,285.57,285.67,257.26
2018-08-21,286.25,286.34,257.86
2018-08-22,285.88,286.17,257.71
2018-08-23,285.97,285.79,257.36
2018-08-24,286.44,287.51,258.91
2018-08-27,288.86,289.78,260.96
2018-08-28,290.3,289.92,261.08
2018-08-29,290.16,291.48,262.49
2018-08-30,290.94,290.3,261.43
2018-08-31,289.84,290.31,261.43
2018-09-04,289.84,289.81,260.98
2018-09-05,289.41,289.03,260.28
2018-09-06,289.15,288.16,259.5
2018-09-07,286.98,287.6,258.99
2018-09-10,288.74,288.1,259.44
2018-09-11,287.37,289.05,260.3
2018-09-12,289.06,289.12,260.36
2018-09-13,290.32,290.83,261.9
2018-09-14,291.06,290.88,261.95
2018-09-17,290.82,289.34,260.56
2018-09-18,289.58,290.91,261.97
2018-09-19,290.97,291.22,262.25
2018-09-20,292.64,293.58,264.38
2018-09-21,293.09,291.99,264.14
2018-09-24,291.34,291.02,263.26
2018-09-25,291.53,290.75,263.02
2018-09-26,290.91,289.88,262.23
2018-09-27,290.41,290.69,262.96
2018-09-28,289.99,290.72,262.99
2018-10-01,292.11,291.73,263.9
2018-10-02,291.56,291.56,263.75
2018-10-03,292.74,291.72,263.89
2018-10-04,291.18,289.44,261.83
2018-10-05,289.69,287.82,260.37
2018-10-08,287.05,287.82,260.37
2018-10-09,287.39,287.4,259.99
2018-10-10,286.83,278.3,251.75
2018-10-11,277.08,272.17,246.21
2018-10-12,276.77,275.95,249.63
2018-10-15,275.55,274.4,248.23
2018-10-16,276.6,280.4,253.65
2018-10-17,280.44,280.45,253.7
2018-10-18,279.4,276.4,250.03
2018-10-19,277.13,276.25,249.9
2018-10-22,277.0,275.01,248.78
2018-10-23,270.95,273.61,247.51
2018-10-24,273.33,265.32,240.01
2018-10-25,267.38,270.08,244.32
2018-10-26,265.92,265.33,240.02
2018-10-29,268.8,263.86,238.69
2018-10-30,263.67,267.77,242.23
2018-10-31,270.65,270.63,244.82
2018-11-01,271.6,273.51,247.42
2018-11-02,274.75,271.89,245.96
2018-11-05,272.44,273.39,247.31
2018-11-06,273.32,275.12,248.88
2018-11-07,277.56,281.01,254.21
2018-11-08,280.11,280.5,253.74
2018-11-09,279.03,277.76,251.27
2018-11-12,277.19,272.57,246.57
2018-11-13,273.09,272.06,246.11
2018-11-14,274.16,270.2,244.43
2018-11-15,268.78,273.02,246.98
2018-11-16,271.79,273.73,247.62
2018-11-19,273.05,269.1,243.43
2018-11-20,265.36,264.12,238.93
2018-11-21,265.86,265.02,239.74
2018-11-23,263.18,263.25,238.14
2018-11-26,265.78,267.5,241.98
2018-11-27,266.34,268.4,242.8
2018-11-28,269.6,274.58,248.39
2018-11-29,273.71,273.98,247.85
2018-11-30,273.81,275.65,249.36
2018-12-03,280.28,279.3,252.66
2018-12-04,278.37,270.25,244.47
2018-12-06,265.92,269.84,244.1
2018-12-07,269.46,263.57,238.43
2018-12-10,263.37,264.07,238.88
2018-12-11,267.66,264.13,238.94
2018-12-12,267.47,265.46,240.14
2018-12-13,266.52,265.37,240.06
2018-12-14,262.96,260.47,235.62
2018-12-17,259.4,255.36,231.0
2018-12-18,257.2,255.08,230.75
2018-12-19,255.17,251.26,227.29
2018-12-20,249.86,247.17,223.59
2018-12-21,246.74,240.7,219.01
2018-12-24,239.04,234.34,213.22
2018-12-26,235.97,246.18,224.0
2018-12-27,242.57,248.07,225.72
2018-12-28,249.58,247.75,225.43
2018-12-31,249.56,249.92,227.4
2019-01-02,245.98,250.18,227.64
2019-01-03,248.23,244.21,222.21
2019-01-04,247.59,252.39,229.65
2019-01-07,252.69,254.38,231.46
2019-01-08,256.82,256.77,233.63
2019-01-09,257.56,257.97,234.73
2019-01-10,256.26,258.88,235.55
2019-01-11,257.68,258.98,235.64
2019-01-14,256.86,257.4,234.21
2019-01-15,257.82,260.35,236.89
2019-01-16,260.83,260.98,237.46
2019-01-17,260.01,262.96,239.27
2019-01-18,264.98,266.46,242.45
2019-01-22,264.82,262.86,239.17
2019-01-23,264.01,263.41,239.68
2019-01-24,263.21,263.55,239.8
2019-01-25,265.61,265.78,241.83
2019-01-28,263.39,263.76,239.99
2019-01-29,263.92,263.41,239.68
2019-01-30,265.1,267.58,243.47
2019-01-31,267.51,269.93,245.61
2019-02-01,270.15,270.06,245.73
2019-02-04,270.11,271.96,247.45
2019-02-05,272.44,273.1,248.49
2019-02-06,272.79,272.74,248.16
2019-02-07,270.94,270.14,245.8
2019-02-08,268.75,270.47,246.1
2019-02-11,271.2,270.62,246.24
2019-02-12,272.42,274.1,249.4
2019-02-13,275.03,274.99,250.21
2019-02-14,273.78,274.38,249.66
2019-02-15,276.36,277.37,252.38
2019-02-19,276.48,277.85,252.81
2019-02-20,277.81,278.41,253.32
2019-02-21,277.7,277.42,252.42
2019-02-22,278.11,279.14,253.99
2019-02-25,280.73,279.52,254.33
2019-02-26,279.13,279.32,254.15
2019-02-27,278.52,279.2,254.04
2019-02-28,278.96,278.68,253.57
2019-03-01,280.44,280.42,255.15
2019-03-04,281.6,279.4,254.22
2019-03-05,279.54,279.02,253.88
2019-03-06,279.15,277.33,252.34
2019-03-07,276.83,275.01,250.23
2019-03-08,272.94,274.46,249.73
2019-03-11,275.26,278.44,253.35
2019-03-12,279.06,279.49,254.31
2019-03-13,280.48,281.34,255.99
2019-03-14,281.37,281.16,255.83
2019-03-15,280.54,281.31,257.09
2019-03-18,281.55,282.33,258.02
2019-03-19,283.51,282.4,258.09
2019-03-20,282.16,281.55,257.31
2019-03-21,280.64,284.73,260.22
2019-03-22,283.22,279.25,255.21
2019-03-25,278.87,279.04,255.02
2019-03-26,280.99,281.12,256.92
2019-03-27,281.11,279.65,255.57
2019-03-28,280.35,280.71,256.54
2019-03-29,282.39,282.48,258.16
2019-04-01,284.7,285.83,261.22
2019-04-02,286.04,285.97,261.35
2019-04-03,287.32,286.42,261.76
2019-04-04,286.78,287.18,262.45
2019-04-05,287.92,288.57,263.72
2019-04-08,288.1,288.79,263.93
2019-04-09,287.72,287.31,262.57
2019-04-10,287.77,288.29,263.47
2019-04-11,288.83,288.21,263.4
2019-04-12,290.0,290.16,265.18
2019-04-15,290.24,289.97,265.0
2019-04-16,290.95,290.16,265.18
2019-04-17,291.4,289.45,264.53
2019-04-18,290.1,290.02,265.05
2019-04-22,289.17,290.27,265.28
2019-04-23,290.68,292.88,267.66
2019-04-24,292.79,292.23,267.07
2019-04-25,292.12,292.05,266.91
2019-04-26,292.1,293.41,268.15
2019-04-29,293.51,293.87,268.57
2019-04-30,293.49,294.02,268.71
2019-05-01,294.72,291.81,266.69
2019-05-02,291.68,291.18,266.11
2019-05-03,292.82,294.03,268.71
2019-05-06,289.25,292.82,267.61
2019-05-07,290.15,287.93,263.14
2019-05-08,287.53,287.53,262.77
2019-05-09,285.23,286.66,261.98
2019-05-10,285.62,288.1,263.3
2019-05-13,282.42,280.86,256.68
2019-05-14,281.99,283.4,259.0
2019-05-15,281.59,285.06,260.52
2019-05-16,285.84,287.7,262.93
2019-05-17,285.14,285.84,261.23
2019-05-20,284.06,283.95,259.5
2019-05-21,285.83,286.51,261.84
2019-05-22,285.45,285.63,261.04
2019-05-23,283.16,282.14,257.85
2019-05-24,283.74,282.78,258.43
2019-05-28,283.09,280.15,256.03
2019-05-29,278.91,278.27,254.31
2019-05-30,279.11,279.03,255.01
2019-05-31,276.2,275.27,251.57
2019-06-03,275.31,274.57,250.93
2019-06-04,277.12,280.53,256.38
2019-06-05,282.33,282.96,258.6
2019-06-06,283.29,284.8,260.28
2019-06-07,285.93,287.65,262.88
2019-06-10,289.37,288.97,264.09
2019-06-11,290.99,288.9,264.03
2019-06-12,288.64,288.39,263.56
2019-06-13,289.4,289.58,264.65
2019-06-14,289.26,289.26,264.36
2019-06-17,289.52,289.37,264.46
2019-06-18,291.39,292.4,267.23
2019-06-19,292.55,293.06,267.83
2019-06-20,296.04,295.86,270.39
2019-06-21,294.13,294.0,269.99
2019-06-24,294.23,293.64,269.66
2019-06-25,293.7,290.76,267.02
2019-06-26,291.75,290.47,266.75
2019-06-27,291.31,291.5,267.7
2019-06-28,292.58,293.0,269.08
2019-07-01,296.68,295.66,271.52
2019-07-02,295.61,296.43,272.23
2019-07-03,297.18,298.8,274.4
2019-07-05,297.44,298.46,274.09
2019-07-08,297.01,296.82,272.58
2019-07-09,295.54,297.19,272.92
2019-07-10,298.37,298.61,274.23
2019-07-11,299.32,299.31,274.87
2019-07-12,299.85,300.65,276.1
2019-07-15,301.13,300.75,276.19
2019-07-16,300.65,299.78,275.3
2019-07-17,299.75,297.74,273.43
2019-07-18,297.19,298.83,274.43
2019-07-19,300.04,297.17,272.91
2019-07-22,297.61,297.9,273.58
2019-07-23,299.14,300.03,275.53
2019-07-24,299.19,301.44,276.83
2019-07-25,300.94,300.0,275.5
2019-07-26,300.76,302.01,277.35
2019-07-29,301.88,301.46,276.85
2019-07-30,299.91,300.72,276.17
2019-07-31,300.99,297.43,273.14
2019-08-01,297.6,294.84,270.77
2019-08-02,293.85,292.62,268.73
2019-08-05,288.09,283.82,260.65
2019-08-06,285.91,287.8,264.3
2019-08-07,284.4,287.97,264.46
2019-08-08,289.62,293.62,269.65
2019-08-09,292.58,291.62,267.81
2019-08-12,289.96,288.07,264.55
2019-08-13,287.74,292.55,268.66
2019-08-14,288.07,283.9,260.72
2019-08-15,284.88,284.65,261.41
2019-08-16,286.48,288.85,265.26
2019-08-19,292.19,292.33,268.46
2019-08-20,291.77,290.09,266.4
2019-08-21,292.48,292.45,268.57
2019-08-22,293.23,292.36,268.49
2019-08-23,290.92,284.85,261.59
2019-08-26,287.27,288.0,264.48
2019-08-27,289.54,286.87,263.45
2019-08-28,286.14,288.89,265.3
2019-08-29,291.72,292.58,268.69
2019-08-30,294.22,292.45,268.57
2019-09-03,290.57,290.74,267.0
2019-09-04,293.14,294.04,270.03
2019-09-05,296.79,297.82,273.5
2019-09-06,298.17,298.05,273.71
2019-09-09,299.14,298.2,273.85
2019-09-10,297.36,298.13,273.79
2019-09-11,298.47,300.25,275.73
2019-09-12,301.25,301.29,276.69
2019-09-13,301.78,301.09,276.51
2019-09-16,299.84,300.16,275.65
2019-09-17,299.94,300.92,276.35
2019-09-18,300.49,301.1,276.51
2019-09-19,301.53,301.08,276.5
2019-09-20,300.36,298.28,275.19
2019-09-23,297.55,298.21,275.13
2019-09-24,299.41,295.87,272.97
2019-09-25,295.96,297.62,274.58
2019-09-26,297.63,297.0,274.01
2019-09-27,297.83,295.4,272.53
2019-09-30,295.97,296.77,273.8
2019-10-01,297.74,293.24,270.54
2019-10-02,291.5,288.06,265.76
2019-10-03,287.81,290.42,267.94
2019-10-04,291.14,294.35,271.56
2019-10-07,293.47,293.08,270.39
2019-10-08,291.04,288.53,266.19
2019-10-09,290.75,291.27,268.72
2019-10-10,291.18,293.24,270.54
2019-10-11,296.27,296.28,273.34
2019-10-14,295.93,295.95,273.04
2019-10-15,297.1,298.88,275.74
2019-10-16,298.37,298.4,275.3
2019-10-17,299.68,299.28,276.11
2019-10-18,298.69,297.97,274.9
2019-10-21,299.42,299.99,276.77
2019-10-22,300.58,299.01,275.86
2019-10-23,298.73,299.88,276.67
2019-10-24,300.91,300.37,277.12
2019-10-25,299.74,301.6,278.25
2019-10-28,302.94,303.3,279.82
2019-10-29,303.0,303.21,279.74
2019-10-30,303.43,304.14,280.6
2019-10-31,304.13,303.33,279.85
2019-11-01,304.92,306.14,282.44
2019-11-04,307.85,307.37,283.58
2019-11-05,307.59,307.03,283.26
2019-11-06,307.03,307.1,283.33
2019-11-07,308.57,308.18,284.32
2019-11-08,307.8,308.94,285.02
2019-11-11,307.42,308.35,284.48
2019-11-12,308.75,309.0,285.08
2019-11-13,307.91,309.1,285.17
2019-11-14,308.79,309.55,285.59
2019-11-15,311.02,311.79,287.65
2019-11-18,311.53,312.02,287.87
2019-11-19,312.68,311.93,287.78
2019-11-20,311.28,310.77,286.71
2019-11-21,310.89,310.27,286.25
2019-11-22,311.09,310.96,286.89
2019-11-25,311.98,313.37,289.11
2019-11-26,313.41,314.08,289.77
2019-11-27,314.61,315.48,291.06
2019-11-29,314.86,314.31,289.98
2019-12-02,314.59,311.64,287.52
2019-12-03,308.65,309.55,285.59
2019-12-04,310.7,311.46,287.35
2019-12-05,312.23,312.02,287.87
2019-12-06,314.12,314.87,290.5
2019-12-09,314.44,313.88,289.58
2019-12-10,313.82,313.53,289.26
2019-12-11,314.03,314.42,290.08
2019-12-12,314.43,317.13,292.58
2019-12-13,316.87,317.32,292.76
2019-12-16,319.22,319.5,294.77
2019-12-17,319.92,319.57,294.83
2019-12-18,320.0,319.59,294.85
2019-12-19,319.8,320.9,296.06
2019-12-20,320.46,320.73,297.36
2019-12-23,321.59,321.22,297.81
2019-12-24,321.47,321.23,297.82
2019-12-26,321.65,322.94,299.41
2019-12-27,323.74,322.86,299.33
2019-12-30,322.95,321.08,297.68
2019-12-31,320.53,321.86,298.4
2020-01-02,323.54,324.87,301.19
2020-01-03,321.16,322.41,298.91
2020-01-06,320.49,323.64,300.05
2020-01-07,323.02,322.73,299.21
2020-01-08,322.94,324.45,300.81
2020-01-09,326.16,326.65,302.85
2020-01-10,327.29,325.71,301.97
2020-01-13,326.39,327.95,304.05
2020-01-14,327.47,327.45,303.59
2020-01-15,327.35,328.19,304.27
2020-01-16,329.7,330.92,306.8
2020-01-17,331.7,331.95,307.76
2020-01-21,330.9,331.3,307.16
2020-01-22,332.24,331.34,307.19
2020-01-23,330.63,331.72,307.55
2020-01-24,332.44,328.77,304.81
2020-01-27,323.03,323.5,299.92
2020-01-28,325.06,326.89,303.07
2020-01-29,328.38,326.62,302.82
2020-01-30,324.36,327.68,303.8
2020-01-31,327.0,321.73,298.28
2020-02-03,323.35,324.12,300.5
2020-02-04,328.07,329.06,305.08
2020-02-05,332.27,332.86,308.6
2020-02-06,333.91,333.98,309.64
2020-02-07,332.82,332.2,307.99
2020-02-10,331.23,334.68,310.29
2020-02-11,336.16,335.26,310.83
2020-02-12,336.83,337.42,312.83
2020-02-13,335.86,337.06,312.5
2020-02-14,337.51,337.6,313.0
2020-02-18,336.51,336.73,312.19
2020-02-19,337.79,338.34,313.68
2020-02-20,337.74,336.95,312.39
2020-02-21,335.47,333.48,309.18
2020-02-24,323.14,322.42,298.92
2020-02-25,323.94,312.65,289.87
2020-02-26,314.18,311.5,288.8
2020-02-27,305.46,297.51,275.83
2020-02-28,288.7,296.26,274.67
2020-03-02,298.21,309.09,286.56
2020-03-03,309.5,300.24,278.36
2020-03-04,306.12,312.86,290.06
2020-03-05,304.98,302.46,280.42
2020-03-06,293.15,297.46,275.78
2020-03-09,275.3,274.23,254.25
2020-03-10,284.64,288.42,267.4
2020-03-11,280.7,274.36,254.37
2020-03-12,256.0,248.11,230.03
2020-03-13,263.09,269.32,249.69
2020-03-16,241.18,239.85,222.37
2020-03-17,245.04,252.8,234.38
2020-03-18,236.25,240.0,222.51
2020-03-19,239.25,240.51,222.98
2020-03-20,242.53,228.8,213.37
2020-03-23,228.19,222.95,207.92
2020-03-24,234.42,243.15,226.76
2020-03-25,244.87,246.79,230.15
2020-03-26,249.52,261.2,243.59
2020-03-27,253.27,253.42,236.33
2020-03-30,255.7,261.65,244.01
2020-03-31,260.56,257.75,240.37
2020-04-01,247.98,246.15,229.55
2020-04-02,245.19,251.83,234.85
2020-04-03,250.76,248.19,231.46
2020-04-06,257.84,264.86,247.0
2020-04-07,274.21,265.13,247.25
2020-04-08,267.96,274.03,255.55
2020-04-09,277.58,278.2,259.44
2020-04-13,277.14,275.66,257.07
2020-04-14,280.98,283.79,264.66
2020-04-15,277.57,277.76,259.03
2020-04-16,279.15,279.1,260.28
2020-04-17,285.38,286.64,267.31
2020-04-20,282.61,281.59,262.6
2020-04-21,276.73,273.04,254.63
2020-04-22,278.35,279.1,260.28
2020-04-23,280.49,279.08,260.26
2020-04-24,280.73,282.97,263.89
2020-04-27,285.12,287.05,267.7
2020-04-28,291.02,285.73,266.47
2020-04-29,291.53,293.21,273.44
2020-04-30,291.71,290.48,270.89
2020-05-01,285.31,282.79,263.72
2020-05-04,280.74,283.57,264.45
2020-05-05,286.64,286.19,266.89
2020-05-06,288.04,284.25,265.08
2020-05-07,287.75,287.68,268.28
2020-05-08,291.09,292.44,272.72
2020-05-11,290.34,292.5,272.78
2020-05-12,293.79,286.67,267.34
2020-05-13,286.06,281.6,262.61
2020-05-14,278.95,284.97,265.76
2020-05-15,282.37,286.28,266.98
2020-05-18,293.05,295.0,275.11
2020-05-19,294.35,291.97,272.28
2020-05-20,295.82,296.93,276.91
2020-05-21,296.79,294.88,275.0
2020-05-22,294.57,295.44,275.52
2020-05-26,301.93,299.08,278.91
2020-05-27,302.12,303.53,283.06
2020-05-28,304.65,302.97,282.54
2020-05-29,302.46,304.32,283.8
2020-06-01,303.62,305.55,284.95
2020-06-02,306.55,308.08,287.31
2020-06-03,310.24,312.18,291.13
2020-06-04,311.11,311.36,290.37
2020-06-05,317.23,319.34,297.81
2020-06-08,320.22,323.2,301.41
2020-06-09,320.3,320.79,299.16
2020-06-10,321.42,319.0,297.49
2020-06-11,311.46,300.61,280.34
2020-06-12,308.24,304.21,283.7
2020-06-15,298.02,307.05,286.35
2020-06-16,315.48,312.96,291.86
2020-06-17,314.07,311.66,290.65
2020-06-18,310.01,311.78,290.76
2020-06-19,314.17,308.64,289.1
2020-06-22,307.99,310.62,290.95
2020-06-23,313.49,312.05,292.29
2020-06-24,309.84,304.09,284.84
2020-06-25,303.47,307.35,287.89
2020-06-26,306.16,300.05,281.05
2020-06-29,301.41,304.46,285.18
2020-06-30,303.99,308.36,288.83
2020-07-01,309.57,310.52,290.86
2020-07-02,314.24,312.23,292.46
2020-07-06,316.37,317.05,296.97
2020-07-07,315.38,313.78,293.91
2020-07-08,314.61,316.18,296.16
2020-07-09,316.84,314.38,294.47
2020-07-10,314.31,317.59,297.48
2020-07-13,320.13,314.84,294.9
2020-07-14,313.3,318.92,298.73
2020-07-15,322.41,321.85,301.47
2020-07-16,319.79,320.79,300.48
2020-07-17,321.88,321.72,301.35
2020-07-20,321.43,324.32,303.78
2020-07-21,326.45,325.01,304.43
2020-07-22,324.62,326.86,306.16
2020-07-23,326.47,322.96,302.51
2020-07-24,320.95,320.88,300.56
2020-07-27,321.63,323.22,302.75
2020-07-28,322.43,321.17,300.83
2020-07-29,322.12,325.12,304.53
2020-07-30,321.9,323.96,303.45
2020-07-31,325.9,326.52,305.84
2020-08-03,328.32,328.79,307.97
2020-08-04,327.86,330.06,309.16
2020-08-05,331.47,332.11,311.08
2020-08-06,331.48,334.33,313.16
2020-08-07,333.28,334.57,313.39
2020-08-10,335.06,335.57,314.32
2020-08-11,336.85,332.8,311.73
2020-08-12,335.44,337.44,316.07
2020-08-13,336.61,336.83,315.5
2020-08-14,336.41,336.84,315.51
2020-08-17,337.94,337.91,316.51
2020-08-18,338.34,338.64,317.2
2020-08-19,339.05,337.23,315.88
2020-08-20,335.36,338.28,316.86
2020-08-21,337.92,339.48,317.98
2020-08-24,342.12,342.92,321.21
2020-08-25,343.53,344.12,322.33
2020-08-26,344.76,347.57,325.56
2020-08-27,348.51,348.33,326.27
2020-08-28,349.44,350.58,328.38
2020-08-31,350.35,349.31,327.19
2020-09-01,350.21,352.6,330.27
2020-09-02,354.67,357.7,335.05
2020-09-03,355.87,345.39,323.52
2020-09-04,346.13,342.57,320.88
2020-09-08,336.71,333.21,312.11
2020-09-09,337.55,339.79,318.27
2020-09-10,341.82,333.89,312.75
2020-09-11,335.82,334.06,312.91
2020-09-14,337.49,338.46,317.03
2020-09-15,341.12,340.17,318.63
2020-09-16,341.51,338.82,317.37
2020-09-17,333.56,335.84,314.57
2020-09-18,335.37,330.65,310.95
2020-09-21,325.7,326.97,307.49
2020-09-22,328.57,330.3,310.62
2020-09-23,330.9,322.64,303.42
2020-09-24,321.22,323.5,304.23
2020-09-25,322.58,328.73,309.15
2020-09-28,333.22,334.19,314.28
2020-09-29,333.97,332.37,312.57
2020-09-30,333.09,334.89,314.94
2020-10-01,337.69,337.04,316.96
2020-10-02,331.7,333.84,313.95
2020-10-05,336.06,339.76,319.52
2020-10-06,339.91,334.93,314.98
2020-10-07,338.12,340.76,320.46
2020-10-08,342.85,343.78,323.3
2020-10-09,345.56,346.85,326.19
2020-10-12,349.59,352.43,331.44
2020-10-13,352.28,350.13,329.27
2020-10-14,350.75,347.93,327.2
2020-10-15,343.71,347.5,326.8
2020-10-16,348.96,347.29,326.6
2020-10-19,348.65,342.01,321.64
2020-10-20,343.46,343.38,322.92
2020-10-21,343.33,342.73,322.31
2020-10-22,342.96,344.61,324.08
2020-10-23,345.93,345.78,325.18
2020-10-26,342.13,339.39,319.17
2020-10-27,339.76,338.22,318.07
2020-10-28,332.1,326.66,307.2
2020-10-29,326.91,329.98,310.32
2020-10-30,328.28,326.54,307.09
2020-11-02,330.2,330.2,310.53
2020-11-03,333.69,336.03,316.01
2020-11-04,340.86,343.54,323.08
2020-11-05,349.24,350.24,329.38
2020-11-06,349.93,350.16,329.3
2020-11-09,363.97,354.56,333.44
2020-11-10,353.49,354.04,332.95
2020-11-11,356.4,356.67,335.42
2020-11-12,355.58,353.21,332.17
2020-11-13,355.27,358.1,336.77
2020-11-16,360.98,362.57,340.97
2020-11-17,359.97,360.62,339.14
2020-11-18,360.91,356.28,335.06
2020-11-19,355.6,357.78,336.47
2020-11-20,357.5,355.33,334.16
2020-11-23,357.28,357.46,336.17
2020-11-24,360.21,363.22,341.58
2020-11-25,363.13,362.66,341.06
2020-11-27,363.84,363.67,342.01
2020-11-30,362.83,362.06,340.49
2020-12-01,365.57,366.02,344.22
2020-12-02,364.82,366.79,344.94
2020-12-03,366.68,366.69,344.85
2020-12-04,367.32,369.85,347.82
2020-12-07,369.02,369.09,347.1
2020-12-08,367.72,370.17,348.12
2020-12-09,370.88,366.85,345.0
2020-12-10,365.37,366.73,344.88
2020-12-11,364.9,366.3,344.48
2020-12-14,368.64,364.66,342.94
2020-12-15,367.4,369.59,347.57
2020-12-16,369.82,370.17,348.12
2020-12-17,371.94,372.24,350.07
2020-12-18,370.97,369.18,348.67
2020-12-21,364.97,367.86,347.42
2020-12-22,368.21,367.24,346.84
2020-12-23,368.28,367.57,347.15
2020-12-24,368.08,369.0,348.5
2020-12-28,371.74,372.17,351.49
2020-12-29,373.81,371.46,350.82
2020-12-30,372.34,371.99,351.32
2020-12-31,371.78,373.88,353.11
2021-01-04,375.31,368.79,348.3
2021-01-05,368.1,371.33,350.7
2021-01-06,369.71,373.55,352.79
2021-01-07,376.1,379.1,358.04
2021-01-08,380.59,381.26,360.08
2021-01-11,377.85,378.69,357.65
2021-01-12,378.89,378.77,357.72
2021-01-13,378.69,379.79,358.69
2021-01-14,380.59,378.46,357.43
2021-01-15,376.72,375.7,354.83
2021-01-19,378.34,378.65,357.61
2021-01-20,381.11,383.89,362.56
2021-01-21,384.49,384.24,362.89
2021-01-22,382.25,382.88,361.61
2021-01-25,383.67,384.39,363.03
2021-01-26,385.41,383.79,362.47
2021-01-27,380.22,374.41,353.61
2021-01-28,376.36,377.63,356.65
2021-01-29,375.63,370.07,349.51
2021-02-01,373.72,376.23,355.33
2021-02-02,379.65,381.55,360.35
2021-02-03,382.44,381.85,360.63
2021-02-04,382.96,386.19,364.73
2021-02-05,388.2,387.71,366.17
2021-02-08,389.27,390.51,368.81
2021-02-09,389.61,390.25,368.57
2021-02-10,392.12,390.08,368.41
2021-02-11,391.24,390.71,369.0
2021-02-12,389.85,392.64,370.82
2021-02-16,393.96,392.3,370.5
2021-02-17,390.42,392.39,370.59
2021-02-18,389.59,390.72,369.01
2021-02-19,392.07,390.03,368.36
2021-02-22,387.06,387.03,365.53
2021-02-23,384.66,387.5,365.97
2021-02-24,386.33,391.77,370.0
2021-02-25,390.41,382.33,361.09
2021-02-26,384.35,380.36,359.23
2021-03-01,385.59,389.58,367.93
2021-03-02,389.82,386.54,365.06
2021-03-03,385.79,381.42,360.23
2021-03-04,381.22,376.7,355.77
2021-03-05,380.46,383.63,362.31
2021-03-08,384.66,381.72,360.51
2021-03-09,385.85,387.17,365.66
2021-03-10,389.69,389.58,367.93
2021-03-11,392.23,393.53,371.66
2021-03-12,392.07,394.06,372.17
2021-03-15,394.33,396.41,374.38
2021-03-16,397.07,395.91,373.91
2021-03-17,394.53,397.26,375.19
2021-03-18,394.48,391.48,369.73
2021-03-19,389.88,389.48,369.04
2021-03-22,390.03,392.59,371.99
2021-03-23,391.91,389.5,369.06
2021-03-24,391.0,387.52,367.19
2021-03-25,385.98,389.7,369.25
2021-03-26,390.93,395.98,375.2
2021-03-29,394.4,395.78,375.01
2021-03-30,394.42,394.73,374.02
2021-03-31,395.34,396.33,375.54
2021-04-01,398.4,400.61,379.59
2021-04-05,403.46,406.36,385.04
2021-04-06,405.76,406.12,384.81
2021-04-07,405.94,406.59,385.26
2021-04-08,407.93,408.52,387.09
2021-04-09,408.39,411.49,389.9
2021-04-12,410.85,411.64,390.04
2021-04-13,411.53,412.86,391.2
2021-04-14,412.83,411.45,389.86
2021-04-15,413.74,415.87,394.05
2021-04-16,417.25,417.26,395.37
2021-04-19,416.26,415.21,393.42
2021-04-20,413.91,412.17,390.54
2021-04-21,411.51,416.07,394.24
2021-04-22,415.89,412.27,390.64
2021-04-23,412.87,416.74,394.87
2021-04-26,417.44,417.61,395.7
2021-04-27,417.93,417.52,395.61
2021-04-28,417.81,417.4,395.5
2021-04-29,420.32,420.06,398.02
2021-04-30,417.63,417.3,395.4
2021-05-03,419.43,418.2,396.26
2021-05-04,416.07,415.62,393.81
2021-05-05,417.38,415.75,393.94
2021-05-06,415.83,419.07,397.08
2021-05-07,419.89,422.12,399.97
2021-05-10,422.5,417.94,396.01
2021-05-11,413.1,414.21,392.48
2021-05-12,411.23,405.41,384.14
2021-05-13,407.07,410.28,388.75
2021-05-14,413.21,416.58,394.72
2021-05-17,415.39,415.52,393.72
2021-05-18,415.8,411.94,390.33
2021-05-19,406.92,410.86,389.3
2021-05-20,411.8,415.28,393.49
2021-05-21,416.87,414.94,393.17
2021-05-24,417.34,419.17,397.18
2021-05-25,420.33,418.24,396.3
2021-05-26,418.87,419.07,397.08
2021-05-27,420.17,419.29,397.29
2021-05-28,420.97,420.04,398.0
2021-06-01,422.57,419.67,397.65
2021-06-02,420.37,420.33,398.28
2021-06-03,417.85,418.77,396.8
2021-06-04,420.75,422.6,400.43
2021-06-07,422.59,422.19,400.04
2021-06-08,423.11,422.28,400.12
2021-06-09,423.18,421.65,399.53
2021-06-10,422.96,423.61,401.38
2021-06-11,424.2,424.31,402.05
2021-06-14,424.43,425.26,402.95
2021-06-15,425.42,424.48,402.21
2021-06-16,424.63,422.11,399.96
2021-06-17,421.67,421.97,399.83
2021-06-18,417.09,414.92,394.44
2021-06-21,416.8,420.86,400.08
2021-06-22,420.85,423.11,402.22
2021-06-23,423.19,422.6,401.74
2021-06-24,424.89,425.1,404.11
2021-06-25,425.9,426.61,405.55
2021-06-28,427.17,427.47,406.37
2021-06-29,427.88,427.7,406.59
2021-06-30,427.21,428.06,406.93
2021-07-01,428.87,430.43,409.18
2021-07-02,431.67,433.72,412.31
2021-07-06,433.78,432.93,411.56
2021-07-07,433.66,434.46,413.01
2021-07-08,428.78,430.92,409.65
2021-07-09,432.53,435.52,414.02
2021-07-12,435.43,437.08,415.5
2021-07-13,436.24,435.59,414.09
2021-07-14,437.4,436.24,414.7
2021-07-15,434.81,434.75,413.29
2021-07-16,436.01,431.34,410.05
2021-07-19,426.19,424.97,403.99
2021-07-20,425.68,431.06,409.78
2021-07-21,432.34,434.55,413.1
2021-07-22,434.74,435.46,413.96
2021-07-23,437.52,439.94,418.22
2021-07-26,439.31,441.02,419.25
2021-07-27,439.91,439.01,417.34
2021-07-28,439.68,438.83,417.17
2021-07-29,439.82,440.65,418.9
2021-07-30,437.91,438.51,416.86
2021-08-02,440.34,437.59,415.99
2021-08-03,438.44,441.15,419.37
2021-08-04,439.78,438.98,417.31
2021-08-05,440.22,441.76,419.95
2021-08-06,442.1,442.49,420.64
2021-08-09,442.46,442.13,420.3
2021-08-10,442.61,442.68,420.83
2021-08-11,443.82,443.78,421.87
2021-08-12,443.62,445.11,423.14
2021-08-13,445.59,445.92,423.91
2021-08-16,444.53,446.97,424.9
2021-08-17,444.24,444.04,422.12
2021-08-18,442.96,439.18,417.5
2021-08-19,436.27,439.86,418.14
2021-08-20,440.23,443.36,421.47
2021-08-23,445.16,447.26,425.18
2021-08-24,447.97,447.97,425.85
2021-08-25,448.17,448.91,426.75
2021-08-26,448.61,446.26,424.23
2021-08-27,447.12,450.25,428.02
2021-08-30,450.97,452.23,429.9
2021-08-31,452.13,451.56,429.27
2021-09-01,452.56,451.8,429.5
2021-09-02,453.32,453.19,430.82
2021-09-03,451.98,453.08,430.71
2021-09-07,452.71,451.46,429.17
2021-09-08,450.89,450.91,428.65
2021-09-09,450.7,448.98,426.81
2021-09-10,451.04,445.44,423.45
2021-09-13,448.64,446.58,424.53
2021-09-14,448.12,444.17,422.24
2021-09-15,444.62,447.88,425.77
2021-09-16,447.32,447.17,425.09
2021-09-17,444.92,441.4,420.95
2021-09-20,434.88,434.04,413.93
2021-09-21,436.53,433.63,413.54
2021-09-22,436.05,437.86,417.58
2021-09-23,439.85,443.18,422.65
2021-09-24,441.44,443.91,423.35
2021-09-27,442.81,442.64,422.14
2021-09-28,439.69,433.72,413.63
2021-09-29,435.19,434.45,414.32
2021-09-30,436.02,429.14,409.26
2021-10-01,430.98,434.24,414.12
2021-10-04,433.0,428.64,408.78
2021-10-05,430.24,433.1,413.04
2021-10-06,429.27,434.9,414.75
2021-10-07,438.39,438.66,418.34
2021-10-08,439.48,437.86,417.58
2021-10-11,437.16,434.69,414.55
2021-10-12,435.67,433.62,413.53
2021-10-13,434.71,435.18,415.02
2021-10-14,439.08,442.5,422.0
2021-10-15,444.75,445.87,425.22
2021-10-18,443.97,447.19,426.47
2021-10-19,448.92,450.64,429.77
2021-10-20,451.13,452.41,431.45
2021-10-21,451.77,453.59,432.58
2021-10-22,453.13,453.12,432.13
2021-10-25,454.28,455.55,434.45
2021-10-26,457.2,455.96,434.84
2021-10-27,456.45,453.94,432.91
2021-10-28,455.46,458.32,437.09
2021-10-29,455.87,459.25,437.98
2021-11-01,460.3,460.04,438.73
2021-11-02,460.22,461.9,440.5
2021-11-03,461.3,464.72,443.19
2021-11-04,465.36,466.91,445.28
2021-11-05,469.28,468.53,446.83
2021-11-08,469.7,468.93,447.21
2021-11-09,469.32,467.38,445.73
2021-11-10,465.58,463.62,442.14
2021-11-11,465.21,463.77,442.29
2021-11-12,465.12,467.27,445.62
2021-11-15,468.64,467.43,445.78
2021-11-16,467.15,469.28,447.54
2021-11-17,469.0,468.14,446.45
2021-11-18,469.24,469.73,447.97
2021-11-19,469.61,468.89,447.17
2021-11-22,470.89,467.57,445.91
2021-11-23,467.22,468.19,446.5
2021-11-24,466.06,469.44,447.69
2021-11-26,462.34,458.97,437.71
2021-11-29,464.07,464.6,443.08
2021-11-30,462.0,455.56,434.46
2021-12-01,461.64,450.5,429.63
2021-12-02,450.73,457.4,436.21
2021-12-03,459.17,453.42,432.42
2021-12-06,456.13,458.79,437.54
2021-12-07,464.41,468.28,446.59
2021-12-08,468.7,469.52,447.77
2021-12-09,468.15,466.35,444.75
2021-12-10,469.23,470.74,448.93
2021-12-13,470.19,466.57,444.96
2021-12-14,463.09,463.36,441.9
2021-12-15,463.42,470.6,448.8
2021-12-16,472.57,466.45,444.84
2021-12-17,461.55,459.87,440.11
2021-12-20,454.48,454.98,435.43
2021-12-21,458.61,463.06,443.16
2021-12-22,462.79,467.69,447.59
2021-12-23,468.75,470.6,450.38
2021-12-27,472.06,477.26,456.75
2021-12-28,477.72,476.87,456.38
2021-12-29,476.98,477.48,456.96
2021-12-30,477.93,476.16,455.7
2021-12-31,475.64,474.96,454.55
2022-01-03,476.3,477.71,457.18
2022-01-04,479.22,477.55,457.03
2022-01-05,477.16,468.38,448.25
2022-01-06,467.89,467.94,447.83
2022-01-07,467.95,466.09,446.06
2022-01-10,462.7,465.51,445.51
2022-01-11,465.23,469.75,449.56
2022-01-12,471.59,471.02,450.78
2022-01-13,472.19,464.53,444.57
2022-01-14,461.19,464.72,444.75
2022-01-18,459.74,456.49,436.87
2022-01-19,458.13,451.75,432.34
2022-01-20,453.75,446.75,427.55
2022-01-21,445.56,437.98,419.16
2022-01-24,432.03,439.84,420.94
2022-01-25,433.06,434.47,415.8
2022-01-26,440.72,433.38,414.76
2022-01-27,438.26,431.24,412.71
2022-01-28,432.68,441.95,422.96
2022-01-31,441.24,449.91,430.58
2022-02-01,450.68,452.95,433.49
2022-02-02,455.5,457.35,437.7
2022-02-03,450.95,446.6,427.41
2022-02-04,446.35,448.7,429.42
2022-02-07,449.51,447.26,428.04
2022-02-08,446.73,450.94,431.56
2022-02-09,455.22,457.54,437.88
2022-02-10,451.34,449.32,430.01
2022-02-11,449.41,440.46,421.53
2022-02-14,439.92,439.02,420.15
2022-02-15,443.73,446.1,426.93
2022-02-16,443.93,446.6,427.41
2022-02-17,443.22,437.06,418.28
2022-02-18,437.33,434.23,415.57
2022-02-22,431.89,429.57,411.11
2022-02-23,432.66,421.95,403.82
2022-02-24,411.02,428.3,409.89
2022-02-25,429.61,437.75,418.94
2022-02-28,432.03,436.63,417.87
2022-03-01,435.04,429.98,411.5
2022-03-02,432.37,437.89,419.07
2022-03-03,440.47,435.71,416.99
2022-03-04,431.75,432.17,413.6
2022-03-07,431.55,419.43,401.41
2022-03-08,419.62,416.25,398.36
2022-03-09,425.14,427.41,409.04
2022-03-10,422.52,425.48,407.2
2022-03-11,428.12,420.07,402.02
2022-03-14,420.89,417.0,399.08
2022-03-15,419.77,426.17,407.86
2022-03-16,429.89,435.62,416.9
2022-03-17,433.59,441.07,422.12
2022-03-18,438.0,444.52,426.74
2022-03-21,444.34,444.39,426.61
2022-03-22,445.86,449.59,431.61
2022-03-23,446.91,443.8,426.05
2022-03-24,445.94,450.49,432.47
2022-03-25,451.16,452.69,434.58
2022-03-28,452.06,455.91,437.67
2022-03-29,460.02,461.55,443.09
2022-03-30,460.34,458.7,440.35
2022-03-31,457.89,451.64,433.57
2022-04-01,453.31,452.92,434.8
2022-04-04,453.13,456.8,438.53
2022-04-05,455.22,451.03,432.99
2022-04-06,446.89,446.52,428.66
2022-04-07,445.59,448.77,430.82
2022-04-08,447.97,447.57,429.67
2022-04-11,444.11,439.92,422.32
2022-04-12,443.08,438.29,420.76
2022-04-13,438.03,443.31,425.58
2022-04-14,443.55,437.79,420.28
2022-04-18,436.81,437.97,420.45
2022-04-19,437.86,445.04,427.24
2022-04-20,446.92,444.71,426.92
2022-04-21,448.54,438.06,420.54
2022-04-22,436.91,426.04,409.0
2022-04-25,423.67,428.51,411.37
2022-04-26,425.83,416.1,399.46
2022-04-27,417.24,417.27,400.58
2022-04-28,422.29,427.81,410.7
2022-04-29,423.59,412.0,395.52
2022-05-02,412.07,414.48,397.9
2022-05-03,415.01,416.38,399.73
2022-05-04,417.08,429.06,411.9
2022-05-05,424.55,413.81,397.26
2022-05-06,411.1,411.34,394.89
2022-05-09,405.1,398.17,382.24
2022-05-10,404.49,399.09,383.13
2022-05-11,398.07,392.75,377.04
2022-05-12,389.37,392.34,376.65
2022-05-13,396.71,401.72,385.65
2022-05-16,399.98,400.09,384.09
2022-05-17,406.53,408.32,391.99
2022-05-18,403.5,391.86,376.19
2022-05-19,388.62,389.46,373.88
2022-05-20,393.25,389.63,374.05
2022-05-23,392.83,396.92,381.04
2022-05-24,392.56,393.89,378.13
2022-05-25,392.31,397.37,381.48
2022-05-26,398.67,405.31,389.1
2022-05-27,407.91,415.26,398.65
2022-05-31,413.55,412.93,396.41
2022-06-01,415.17,409.59,393.21
2022-06-02,409.42,417.39,400.69
2022-06-03,412.4,410.54,394.12
2022-06-06,414.78,411.79,395.32
2022-06-07,408.1,415.74,399.11
2022-06-08,413.93,411.22,394.77
2022-06-09,409.34,401.44,385.38
2022-06-10,394.88,389.8,374.21
2022-06-13,379.85,375.0,360.0
2022-06-14,376.85,373.87,358.92
2022-06-15,377.36,379.2,364.03
2022-06-16,370.51,366.65,351.98
2022-06-17,365.51,365.86,352.74
2022-06-21,371.89,375.07,361.62
2022-06-22,370.62,374.39,360.97
2022-06-23,376.64,378.06,364.51
2022-06-24,381.4,390.08,376.09
2022-06-27,391.05,388.59,374.66
2022-06-28,390.23,380.65,367.0
2022-06-29,381.23,380.34,366.7
2022-06-30,376.24,377.25,363.72
2022-07-01,376.56,381.24,367.57
2022-07-05,375.88,381.96,368.27
2022-07-06,382.11,383.25,369.51
2022-07-07,385.12,388.99,375.04
2022-07-08,387.27,388.67,374.74
2022-07-11,385.85,384.23,370.45
2022-07-12,383.65,380.83,367.18
2022-07-13,375.1,378.83,365.25
2022-07-14,373.61,377.91,364.36
2022-07-15,382.55,385.13,371.32
2022-07-18,388.38,381.95,368.26
2022-07-19,386.08,392.27,378.21
2022-07-20,392.47,394.77,380.62
2022-07-21,394.16,398.79,384.49
2022-07-22,398.92,395.09,380.93
2022-07-25,395.75,395.57,381.39
2022-07-26,393.84,390.89,376.88
2022-07-27,394.36,401.04,386.66
2022-07-28,401.89,406.07,391.51
2022-07-29,407.58,411.99,397.22
2022-08-01,409.15,410.77,396.04
2022-08-02,409.12,408.06,393.43
2022-08-03,410.3,414.45,399.59
2022-08-04,414.37,414.17,399.32
2022-08-05,409.66,413.47,398.65
2022-08-08,415.25,412.99,398.18
2022-08-09,412.22,411.35,396.6
2022-08-10,418.78,419.99,404.93
2022-08-11,422.99,419.99,404.93
2022-08-12,422.03,427.1,411.79
2022-08-15,424.77,428.86,413.48
2022-08-16,427.73,429.7,414.29
2022-08-17,425.91,426.65,411.35
2022-08-18,426.86,427.89,412.55
2022-08-19,424.98,422.14,407.01
2022-08-22,417.05,413.35,398.53
2022-08-23,412.9,412.35,397.57
2022-08-24,412.11,413.67,398.84
2022-08-25,415.24,419.51,404.47
2022-08-26,419.39,405.31,390.78
2022-08-29,402.2,402.63,388.19
2022-08-30,403.85,398.21,383.93
2022-08-31,399.93,395.18,381.01
2022-09-01,392.89,396.42,382.21
2022-09-02,400.28,392.24,378.18
2022-09-06,393.13,390.76,376.75
2022-09-07,390.43,397.78,383.52
2022-09-08,395.39,400.38,386.03
2022-09-09,402.74,406.6,392.02
2022-09-12,408.78,410.97,396.24
2022-09-13,401.83,393.1,379.01
2022-09-14,394.47,394.6,380.45
2022-09-15,392.96,390.12,376.13
2022-09-16,384.14,385.56,373.26
2022-09-19,382.26,388.55,376.16
2022-09-20,385.06,384.09,371.84
2022-09-21,386.11,377.39,365.35
2022-09-22,376.58,374.22,362.29
2022-09-23,370.58,367.95,356.22
2022-09-26,366.41,364.31,352.69
2022-09-27,368.02,363.38,351.79
2022-09-28,364.38,370.53,358.71
2022-09-29,366.81,362.79,351.22
2022-09-30,361.8,357.18,345.79
2022-10-03,361.08,366.61,354.92
2022-10-04,372.4,377.97,365.92
2022-10-05,373.39,377.09,365.06
2022-10-06,375.62,373.2,361.3
2022-10-07,368.97,362.79,351.22
2022-10-10,363.96,360.02,348.54
2022-10-11,358.24,357.74,346.33
2022-10-12,358.17,356.56,345.19
2022-10-13,349.21,365.97,354.3
2022-10-14,368.55,357.63,346.22
2022-10-17,364.01,366.82,355.12
2022-10-18,375.13,371.13,359.29
2022-10-19,368.99,368.5,356.75
2022-10-20,368.03,365.41,353.76
2022-10-21,365.12,374.29,362.35
2022-10-24,375.89,378.87,366.79
2022-10-25,378.79,384.92,372.64
2022-10-26,381.62,382.02,369.84
2022-10-27,383.07,379.98,367.86
2022-10-28,379.87,389.02,376.61
2022-10-31,386.44,386.21,373.89
2022-11-01,390.14,384.52,372.26
2022-11-02,383.9,374.87,362.91
2022-11-03,371.47,371.01,359.18
2022-11-04,377.0,376.35,364.35
2022-11-07,377.71,379.95,367.83
2022-11-08,381.11,382.0,369.82
2022-11-09,379.93,374.13,362.2
2022-11-10,388.05,394.69,382.1
2022-11-11,395.59,398.51,385.8
2022-11-14,396.66,395.12,382.52
2022-11-15,401.15,398.49,385.78
2022-11-16,396.78,395.45,382.84
2022-11-17,390.46,394.24,381.67
2022-11-18,397.74,396.03,383.4
2022-11-21,394.64,394.59,382.01
2022-11-22,396.63,399.9,387.15
2022-11-23,399.55,402.42,389.59
2022-11-25,401.83,402.33,389.5
2022-11-28,399.09,395.91,383.28
2022-11-29,396.05,395.23,382.63
2022-11-30,395.49,407.68,394.68
2022-12-01,408.77,407.38,394.39
2022-12-02,402.25,406.91,393.93
2022-12-05,403.95,399.59,386.85
2022-12-06,399.42,393.83,381.27
2022-12-07,392.94,393.16,380.62
2022-12-08,395.14,396.24,383.6
2022-12-09,394.94,393.28,380.74
2022-12-12,394.11,398.95,386.23
2022-12-13,410.22,401.97,389.15
2022-12-14,401.61,399.4,386.66
2022-12-15,394.3,389.63,377.2
2022-12-16,385.18,383.27,372.75
2022-12-19,383.47,380.02,369.59
2022-12-20,379.23,380.54,370.1
2022-12-21,383.25,386.23,375.63
2022-12-22,383.05,380.72,370.27
2022-12-23,379.65,382.91,372.4
2022-12-27,382.79,381.4,370.93
2022-12-28,381.33,376.66,366.32
2022-12-29,379.63,383.44,372.92
2022-12-30,380.64,382.43,371.93
2023-01-03,384.37,380.82,370.37
2023-01-04,383.18,383.76,373.23
2023-01-05,381.72,379.38,368.97
2023-01-06,382.61,388.08,377.43
2023-01-09,390.37,387.86,377.21
2023-01-10,387.25,390.58,379.86
2023-01-11,392.23,395.52,384.66
2023-01-12,396.67,396.96,386.06
2023-01-13,393.62,398.5,387.56
2023-01-17,398.48,397.77,386.85
2023-01-18,399.01,391.49,380.74
2023-01-19,389.36,388.64,377.97
2023-01-20,390.1,395.88,385.01
2023-01-23,396.72,400.63,389.63
2023-01-24,398.88,400.2,389.22
2023-01-25,395.95,400.35,389.36
2023-01-26,403.13,404.75,393.64
2023-01-27,403.66,405.68,394.55
2023-01-30,402.8,400.59,389.6
2023-01-31,401.13,406.48,395.32
2023-02-01,405.21,410.8,399.53
2023-02-02,414.86,416.78,405.34
2023-02-03,411.59,412.35,401.03
2023-02-06,409.79,409.83,398.58
2023-02-07,408.87,415.19,403.79
2023-02-08,413.13,410.65,399.38
2023-02-09,414.41,407.09,395.92
2023-02-10,405.86,408.04,396.84
2023-02-13,408.72,412.83,401.5
2023-02-14,411.24,412.64,401.31
2023-02-15,410.35,413.98,402.62
2023-02-16,408.79,408.28,397.07
2023-02-17,406.06,407.26,396.08
2023-02-21,403.06,399.09,388.14
2023-02-22,399.52,398.54,387.6
2023-02-23,401.56,400.66,389.66
2023-02-24,395.42,396.38,385.5
2023-02-27,399.87,397.73,386.81
2023-02-28,397.23,396.26,385.38
2023-03-01,395.41,394.74,383.91
2023-03-02,392.68,397.81,386.89
2023-03-03,399.71,404.19,393.1
2023-03-06,405.05,404.47,393.37
2023-03-07,404.42,398.27,387.34
2023-03-08,398.39,398.92,387.97
2023-03-09,399.74,391.56,380.81
2023-03-10,390.99,385.91,375.32
2023-03-13,381.81,385.36,374.78
2023-03-14,390.5,391.73,380.98
2023-03-15,385.89,389.28,378.6
2023-03-16,386.82,396.11,385.24
2023-03-17,393.22,389.99,380.73
2023-03-20,390.8,393.74,384.39
2023-03-21,397.24,398.91,389.44
2023-03-22,398.73,392.11,382.8
2023-03-23,395.09,393.17,383.84
2023-03-24,391.84,395.75,386.36
2023-03-27,398.12,396.49,387.08
2023-03-28,395.77,395.6,386.21
2023-03-29,399.93,401.35,391.82
2023-03-30,404.09,403.7,394.12
2023-03-31,404.66,409.39,399.67
2023-04-03,408.85,410.95,401.2
2023-04-04,411.62,408.67,398.97
2023-04-05,407.91,407.6,397.93
2023-04-06,406.77,409.19,399.48
2023-04-10,406.61,409.61,399.89
2023-04-11,410.26,409.72,400.0
2023-04-12,411.87,408.05,398.37
2023-04-13,409.18,413.47,403.66
2023-04-14,412.81,412.46,402.67
2023-04-17,412.37,413.94,404.12
2023-04-18,415.58,414.21,404.38
2023-04-19,412.22,414.14,404.31
2023-04-20,411.21,411.88,402.1
2023-04-21,412.19,412.2,402.42
2023-04-24,411.99,412.63,402.84
2023-04-25,410.58,406.08,396.44
2023-04-26,406.72,404.36,394.76
2023-04-27,407.0,412.41,402.62
2023-04-28,411.49,415.93,406.06
2023-05-01,415.47,415.51,405.65
2023-05-02,414.77,410.84,401.09
2023-05-03,411.36,408.02,398.34
2023-05-04,406.93,405.13,395.51
2023-05-05,408.91,412.63,402.84
2023-05-08,412.97,412.74,402.94
2023-05-09,411.13,410.93,401.18
2023-05-10,413.88,412.85,403.05
2023-05-11,411.95,412.13,402.35
2023-05-12,413.42,411.59,401.82
2023-05-15,412.22,413.01,403.21
2023-05-16,411.86,410.25,400.51
2023-05-17,412.35,415.23,405.37
2023-05-18,414.9,419.23,409.28
2023-05-19,420.17,418.62,408.68
2023-05-22,418.64,418.79,408.85
2023-05-23,417.08,414.09,404.26
2023-05-24,412.42,411.09,401.33
2023-05-25,414.74,414.65,404.81
2023-05-26,415.33,420.02,410.05
2023-05-30,422.03,420.18,410.21
2023-05-31,418.28,417.85,407.93
2023-06-01,418.09,421.82,411.81
2023-06-02,424.5,427.92,417.76
2023-06-05,428.28,427.1,416.96
2023-06-06,426.67,428.03,417.87
2023-06-07,428.44,426.55,416.43
2023-06-08,426.62,429.13,418.94
2023-06-09,429.96,429.9,419.7
2023-06-12,430.92,433.8,423.5
2023-06-13,435.32,436.66,426.3
2023-06-14,437.01,437.18,426.8
2023-06-15,436.33,442.6,432.1
2023-06-16,443.02,439.46,430.62
2023-06-20,437.45,437.18,428.39
2023-06-21,436.16,434.94,426.19
2023-06-22,433.95,436.51,427.73
2023-06-23,432.93,433.21,424.5
2023-06-26,432.62,431.44,422.76
2023-06-27,432.35,436.17,427.4
2023-06-28,435.05,436.39,427.62
2023-06-29,435.96,438.11,429.3
2023-06-30,441.44,443.28,434.37
2023-07-03,442.92,443.79,434.87
2023-07-05,441.91,443.13,434.22
2023-07-06,439.42,439.66,430.82
2023-07-07,438.63,438.55,429.73
2023-07-10,438.18,439.66,430.82
2023-07-11,440.45,442.46,433.56
2023-07-12,446.39,446.02,437.05
2023-07-13,447.9,449.56,440.52
2023-07-14,450.48,449.28,440.25
2023-07-17,449.13,450.84,441.77
2023-07-18,450.5,454.19,445.06
2023-07-19,455.01,455.2,446.05
2023-07-20,454.17,452.18,443.09
2023-07-21,453.96,452.18,443.09
2023-07-24,453.37,454.2,445.07
2023-07-25,453.92,455.44,446.28
2023-07-26,454.47,455.51,446.35
2023-07-27,459.02,452.49,443.39
2023-07-28,455.88,456.92,447.73
2023-07-31,457.41,457.79,448.58
2023-08-01,456.27,456.48,447.3
2023-08-02,453.25,450.13,441.08
2023-08-03,448.04,448.84,439.81
2023-08-04,450.72,446.81,437.83
2023-08-07,448.71,450.71,441.65
2023-08-08,448.08,448.75,439.73
2023-08-09,449.03,445.75,436.79
2023-08-10,448.19,445.91,436.94
2023-08-11,443.97,445.65,436.69
2023-08-14,444.7,448.11,439.1
2023-08-15,446.27,442.89,433.98
2023-08-16,442.46,439.64,430.8
2023-08-17,441.16,436.29,427.52
2023-08-18,433.37,436.5,427.72
2023-08-21,437.55,439.34,430.51
2023-08-22,441.18,438.15,429.34
2023-08-23,439.25,443.03,434.12
2023-08-24,444.69,436.89,428.1
2023-08-25,438.68,439.97,431.12
2023-08-28,442.24,442.76,433.86
2023-08-29,442.65,449.16,440.13
2023-08-30,449.51,451.01,441.94
2023-08-31,451.65,450.35,441.29
2023-09-01,453.17,451.19,442.12
2023-09-05,450.73,449.24,440.21
2023-09-06,448.4,446.22,437.25
2023-09-07,443.11,444.85,435.9
2023-09-08,444.9,445.52,436.56
2023-09-11,448.24,448.45,439.43
2023-09-12,446.95,445.99,437.02
2023-09-13,446.22,446.51,437.53
2023-09-14,449.07,450.36,441.3
2023-09-15,447.14,443.37,435.99
2023-09-18,443.05,443.63,436.24
2023-09-19,442.68,442.71,435.34
2023-09-20,444.01,438.64,431.34
2023-09-21,435.7,431.39,424.21
2023-09-22,432.45,430.42,423.25
2023-09-25,429.17,432.23,425.03
2023-09-26,429.09,425.88,418.79
2023-09-27,427.09,426.05,418.96
2023-09-28,425.48,428.52,421.38
2023-09-29,431.67,427.48,420.36
2023-10-02,426.62,427.31,420.19
2023-10-03,425.06,421.59,414.57
2023-10-04,422.07,424.66,417.59
2023-10-05,424.36,424.5,417.43
2023-10-06,421.97,429.54,422.39
2023-10-09,427.58,432.29,425.09
2023-10-10,432.94,434.54,427.3
2023-10-11,435.64,436.32,429.05
2023-10-12,436.95,433.66,426.44
2023-10-13,435.21,431.5,424.31
2023-10-16,433.82,436.04,428.78
2023-10-17,432.81,436.02,428.76
2023-10-18,434.19,430.21,423.05
2023-10-19,430.95,426.43,419.33
2023-10-20,425.98,421.19,414.18
2023-10-23,419.61,420.46,413.46
2023-10-24,422.65,423.63,416.58
2023-10-25,421.89,417.55,410.6
2023-10-26,416.45,412.55,405.68
2023-10-27,414.19,410.68,403.84
2023-10-30,413.56,415.59,408.67
2023-10-31,416.18,418.2,411.24
2023-11-01,419.2,422.66,415.62
2023-11-02,426.58,430.76,423.59
2023-11-03,433.14,434.69,427.45
2023-11-06,435.47,435.69,428.43
2023-11-07,435.69,436.93,429.65
2023-11-08,437.55,437.25,429.97
2023-11-09,438.43,433.84,426.62
2023-11-10,435.98,440.61,433.27
2023-11-13,439.23,440.19,432.86
2023-11-14,446.32,448.73,441.26
2023-11-15,450.11,449.68,442.19
2023-11-16,449.22,450.23,442.73
2023-11-17,450.24,450.79,443.28
2023-11-20,450.53,454.26,446.7
2023-11-21,453.18,453.27,445.72
2023-11-22,454.98,455.02,447.44
2023-11-24,455.07,455.3,447.72
2023-11-27,454.65,454.48,446.91
2023-11-28,454.08,454.93,447.35
2023-11-29,457.15,454.61,447.04
2023-11-30,455.48,456.4,448.8
2023-12-01,455.77,459.1,451.46
2023-12-04,455.6,456.69,449.09
2023-12-05,455.26,456.6,449.0
2023-12-06,458.81,454.76,447.19
2023-12-07,456.91,458.23,450.6
2023-12-08,457.46,460.2,452.54
2023-12-11,459.69,461.99,454.3
2023-12-12,461.63,464.1,456.37
2023-12-13,464.49,470.5,462.67
2023-12-14,472.5,472.01,464.15
2023-12-15,469.49,469.33,463.39
2023-12-18,470.98,471.97,465.99
2023-12-19,472.53,474.84,468.83
2023-12-20,473.96,468.26,462.33
2023-12-21,471.33,472.7,466.71
2023-12-22,473.86,473.65,467.65
2023-12-26,474.07,475.65,469.63
2023-12-27,475.44,476.51,470.48
2023-12-28,476.88,476.69,470.65
2023-12-29,476.49,475.31,469.29
2024-01-02,472.16,472.65,466.66
2024-01-03,470.43,468.79,462.85
2024-01-04,468.3,467.28,461.36
2024-01-05,467.49,467.92,461.99
2024-01-08,468.43,474.6,468.59
2024-01-09,471.87,473.88,467.88
2024-01-10,474.16,476.56,470.52
2024-01-11,477.59,476.35,470.32
2024-01-12,477.84,476.68,470.64
2024-01-16,475.26,474.93,468.92
2024-01-17,471.82,472.29,466.31
2024-01-18,474.01,476.49,470.46
2024-01-19,477.65,482.43,476.32
2024-01-22,484.01,483.45,477.33
2024-01-23,484.01,484.86,478.72
2024-01-24,487.81,485.39,479.24
2024-01-25,487.58,488.03,481.85
2024-01-26,487.59,487.41,481.24
2024-01-29,487.73,491.27,485.05
2024-01-30,490.56,490.89,484.67
2024-01-31,488.62,482.88,476.76
2024-02-01,484.63,489.2,483.0
2024-02-02,489.65,494.35,488.09
2024-02-05,493.7,492.55,486.31
2024-02-06,493.52,493.98,487.72
2024-02-07,496.29,498.1,491.79
2024-02-08,498.1,498.32,492.01
2024-02-09,498.84,501.2,494.85
2024-02-12,501.17,500.98,494.64
2024-02-13,494.53,494.08,487.82
2024-02-14,496.79,498.57,492.26
2024-02-15,499.29,502.01,495.65
2024-02-16,501.7,499.51,493.18
2024-02-20,497.72,496.76,490.47
2024-02-21,495.42,497.21,490.91
2024-02-22,504.01,507.5,501.07
2024-02-23,509.27,507.85,501.42
2024-02-26,508.3,505.99,499.58
2024-02-27,506.7,506.93,500.51
2024-02-28,505.33,506.26,499.85
2024-02-29,508.07,508.08,501.65
2024-03-01,508.98,512.85,506.35
2024-03-04,512.03,512.3,505.81
2024-03-05,510.24,507.18,500.76
2024-03-06,510.55,509.75,503.29
2024-03-07,513.14,514.81,508.29
2024-03-08,515.46,511.72,505.24
2024-03-11,510.48,511.28,504.8
2024-03-12,513.45,516.78,510.24
2024-03-13,517.11,515.97,509.44
2024-03-14,516.97,514.95,508.43
2024-03-15,510.21,509.83,504.94
2024-03-18,514.0,512.86,507.94
2024-03-19,512.15,515.71,510.76
2024-03-20,515.77,520.48,515.48
2024-03-21,523.39,522.2,517.19
2024-03-22,522.11,521.21,516.21
2024-03-25,519.8,519.77,514.78
2024-03-26,521.23,518.81,513.83
2024-03-27,521.71,523.17,518.15
2024-03-28,523.21,523.07,518.05
2024-04-01,523.83,522.16,517.15
2024-04-02,518.24,518.84,513.86
2024-04-03,517.72,519.41,514.43
2024-04-04,523.52,513.07,508.15
2024-04-05,514.46,518.43,513.45
2024-04-08,519.15,518.72,513.74
2024-04-09,520.5,519.32,514.34
2024-04-10,513.48,514.12,509.19
2024-04-11,515.68,518.0,513.03
2024-04-12,514.37,510.85,505.95
2024-04-15,515.13,504.45,499.61
2024-04-16,504.94,503.53,498.7
2024-04-17,506.05,500.55,495.75
2024-04-18,501.98,499.52,494.73
2024-04-19,499.44,495.16,490.41
2024-04-22,497.83,499.72,494.92
2024-04-23,501.78,505.65,500.8
2024-04-24,506.56,505.41,500.56
2024-04-25,499.18,503.49,498.66
2024-04-26,506.35,508.26,503.38
2024-04-29,510.09,510.06,505.16
2024-04-30,508.56,501.98,497.16
2024-05-01,501.38,500.35,495.55
2024-05-02,504.15,505.03,500.18
2024-05-03,511.16,511.29,506.38
2024-05-06,513.75,516.57,511.61
2024-05-07,517.56,517.14,512.18
2024-05-08,515.26,517.19,512.23
2024-05-09,517.38,520.17,515.18
2024-05-10,521.81,520.84,515.84
2024-05-13,522.56,520.91,515.91
2024-05-14,521.11,523.3,518.28
2024-05-15,525.83,529.78,524.7
2024-05-16,529.88,528.69,523.62
2024-05-17,528.81,529.45,524.37
2024-05-20,529.57,530.06,524.97
2024-05-21,529.28,531.36,526.26
2024-05-22,530.65,529.83,524.75
2024-05-23,532.96,525.96,520.91
2024-05-24,527.85,529.44,524.36
2024-05-28,530.27,529.81,524.73
2024-05-29,525.68,526.1,521.05
2024-05-30,524.52,522.61,517.59
2024-05-31,523.59,527.37,522.31
2024-06-03,529.02,527.8,522.73
2024-06-04,526.46,528.39,523.32
2024-06-05,530.77,534.67,529.54
2024-06-06,534.98,534.66,529.53
2024-06-07,533.66,534.01,528.89
2024-06-10,533.18,535.66,530.52
2024-06-11,534.07,536.95,531.8
2024-06-12,541.63,541.36,536.16
2024-06-13,543.15,542.45,537.24
2024-06-14,540.88,542.78,537.57
2024-06-17,542.08,547.1,541.85
2024-06-18,547.16,548.49,543.23
2024-06-20,549.44,547.0,541.75
2024-06-21,544.4,544.51,541.02
2024-06-24,544.33,542.74,539.27
2024-06-25,543.99,544.83,541.34
2024-06-26,543.69,545.51,542.02
2024-06-27,545.37,546.37,542.87
2024-06-28,547.16,544.22,540.74
2024-07-01,545.63,545.34,541.85
2024-07-02,543.7,549.01,545.5
2024-07-03,548.69,551.46,547.93
2024-07-05,551.77,554.64,551.09
2024-07-08,555.44,555.28,551.73
2024-07-09,556.26,555.82,552.26
2024-07-10,557.07,561.32,557.73
2024-07-11,561.44,556.48,552.92
2024-07-12,557.63,559.99,556.4
2024-07-15,562.03,561.53,557.94
2024-07-16,562.87,564.86,561.24
2024-07-17,558.8,556.94,553.37
2024-07-18,558.51,552.66,549.12
2024-07-19,552.42,548.99,545.48
2024-07-22,553.0,554.65,551.1
2024-07-23,554.54,553.78,550.23
2024-07-24,548.86,541.23,537.77
2024-07-25,541.35,538.41,534.96
2024-07-26,542.28,544.44,540.95
2024-07-29,546.02,544.76,541.27
2024-07-30,546.26,542.0,538.53
2024-07-31,548.98,550.81,547.28
2024-08-01,552.57,543.01,539.53
2024-08-02,535.75,532.9,529.49
2024-08-05,511.64,517.38,514.07
2024-08-06,519.22,522.15,518.81
2024-08-07,528.47,518.66,515.34
2024-08-08,523.91,530.65,527.25
2024-08-09,529.81,532.99,529.58
2024-08-12,534.21,533.27,529.86
2024-08-13,536.53,542.04,538.57
2024-08-14,542.85,543.75,540.27
2024-08-15,549.5,553.07,549.53
2024-08-16,551.42,554.31,550.76
2024-08-19,554.73,559.61,556.03
2024-08-20,559.15,558.7,555.12
2024-08-21,559.77,560.62,557.03
2024-08-22,562.56,556.22,552.66
2024-08-23,559.53,562.13,558.53
2024-08-26,563.18,560.79,557.2
2024-08-27,559.49,561.56,557.96
2024-08-28,561.21,558.3,554.73
2024-08-29,560.31,558.35,554.78
2024-08-30,560.77,563.68,560.07
2024-09-03,560.47,552.08,548.55
2024-09-04,550.2,550.95,547.42
2024-09-05,550.89,549.61,546.09
2024-09-06,549.94,540.36,536.9
2024-09-09,544.65,546.41,542.91
2024-09-10,548.36,548.79,545.28
2024-09-11,548.7,554.42,550.87
2024-09-12,555.01,559.09,555.51
2024-09-13,559.71,562.01,558.41
2024-09-16,561.74,562.84,559.24
2024-09-17,565.1,563.07,559.47
2024-09-18,563.74,561.4,557.81
2024-09-19,571.01,570.98,567.32
2024-09-20,567.84,568.25,566.34
2024-09-23,569.34,569.67,567.76
2024-09-24,570.48,571.3,569.38
2024-09-25,571.14,570.04,568.13
2024-09-26,574.38,572.3,570.38
2024-09-27,573.39,571.47,569.55
2024-09-30,570.42,573.76,571.84
2024-10-01,573.4,568.62,566.71
2024-10-02,567.71,568.86,566.95
2024-10-03,567.36,567.82,565.92
2024-10-04,572.35,572.98,571.06
2024-10-07,571.3,567.8,565.9
2024-10-08,570.42,573.17,571.25
2024-10-09,573.16,577.14,575.2
2024-10-10,575.77,576.13,574.2
2024-10-11,576.05,579.58,577.64
2024-10-14,581.22,584.32,582.36
2024-10-15,584.59,579.78,577.84
2024-10-16,579.78,582.3,580.35
2024-10-17,585.91,582.35,580.4
2024-10-18,584.07,584.59,582.63
2024-10-21,583.85,583.63,581.67
2024-10-22,581.05,583.32,581.36
2024-10-23,581.26,577.99,576.05
2024-10-24,579.98,579.24,577.3
2024-10-25,581.51,579.04,577.1
2024-10-28,582.58,580.83,578.88
2024-10-29,579.85,581.77,579.82
2024-10-30,581.29,580.01,578.06
2024-10-31,575.56,568.64,566.73
2024-11-01,571.32,571.04,569.12
2024-11-04,571.18,569.81,567.9
2024-11-05,570.74,576.7,574.77
2024-11-06,589.2,591.04,589.06
2024-11-07,593.08,595.61,593.61
2024-11-08,596.17,598.19,596.18
2024-11-11,599.81,598.76,596.75
2024-11-12,598.68,596.9,594.9
2024-11-13,597.37,597.19,595.19
2024-11-14,597.32,593.35,591.36
2024-11-15,589.72,585.75,583.79
2024-11-18,586.22,588.15,586.18
2024-11-19,584.71,590.3,588.32
2024-11-20,590.38,590.5,588.52
2024-11-21,593.4,593.67,591.68
2024-11-22,593.66,595.51,593.51
2024-11-25,599.52,597.53,595.53
2024-11-26,598.8,600.65,598.64
2024-11-27,600.46,598.83,596.82
2024-11-29,599.66,602.55,600.53
2024-12-02,602.97,603.63,601.61
2024-12-03,603.39,603.91,601.88
2024-12-04,605.63,607.66,605.62
2024-12-05,607.66,606.66,604.62
2024-12-06,607.44,607.81,605.77
2024-12-09,607.69,604.68,602.65
2024-12-10,605.37,602.8,600.78
2024-12-11,605.78,607.46,605.42
2024-12-12,606.58,604.33,602.3
2024-12-13,606.4,604.21,602.18
2024-12-16,606.0,606.79,604.75
2024-12-17,604.19,604.29,602.26
2024-12-18,603.98,586.28,584.31
2024-12-19,591.36,586.1,584.13
2024-12-20,581.77,591.15,591.15
2024-12-23,590.89,594.69,594.69
2024-12-24,596.06,601.3,601.3
2024-12-26,599.5,601.34,601.34
2024-12-27,597.54,595.01,595.01
